axis_pos_x,axis_pos_y,axis_pos_z,coolant_aas,coolant_on,cycle_on,emergency_on,feed_x,feed_y,feed_z,floor_id,job_file_name,maxtravel_X,maxtravel_Y,maxtravel_Z,otherdetails_link,programfile_link,spindle_aas,spindle_on,spindle_speed,TIME,tool_aas,twin_id,vibration_x,vibration_y,vibration_z,wcsoffset_X,wcsoffset_Y,wcsoffset_Z
0,0,0,https://raw.githubusercontent.com/muditkumarsand/apis/gh-pages/coolant1.json,1,0,0,200,200,200,10,,20,20,20,https://www.google.com/,https://www.google.com/,https://raw.githubusercontent.com/muditkumarsand/apis/gh-pages/spindle1.json,0,0,0,https://raw.githubusercontent.com/muditkumarsand/apis/gh-pages/tool2.json,1001,0.800865342,2.595870577,5.332887566,100,80,10
,,,,,,,,,,,,,,,,,,,,,,,3.161822638,3.376555818,6.450730451,,,
,,,,,,,,,,,,,,,,,,,,,,,1.680021574,2.269828095,4.071876573,,,
,,,,,,,,,,,,,,,,,,,,,,,0.87264039,5.088590918,4.054434738,,,
,,,,,,,,,,,,,,,,,,,,,,,2.962324975,3.588722742,6.790162969,,,
,,,,,,,,,,,,,,,,,,,,,,,1.141869012,3.043273758,5.558601414,,,
,,,,,,,,,,,,,,,,,,,,,,,0.53353529,3.380582605,4.284826799,,,
,,,,,,,,,,,,,,,,,,,,,,,3.381322363,3.017250841,4.846982064,,,
,,,,,,,,,,,,,,,,,,,,,,,1.617936055,2.386070613,5.595559868,,,
,,,,,,,,,,,,,,,,,,,,,,,1.929218575,2.105480128,2.905961209,,,
,,,,,,,,,,,,,,,,,,,,,,,1.556450803,3.424803375,5.594372978,,,
,,,,,,,,,,,,,,,,,,,,,,,0.830026016,3.07400331,4.29604428,,,
,,,,,,,,,,,,,,,,,,,,,,,0.706407496,3.209639666,3.717803464,,,
,,,,,,,,,,,,,,,,,,,,,,,1.407816631,2.516760454,6.066894129,,,
,,,,,,,,,,,,,,,,,,,,,,,1.738523684,2.828532964,4.721068207,,,
,,,,,,,,,,,,,,,,,,,,,,,2.276307901,3.469785846,4.882264774,,,
,,,,,,,,,,,,,,,,,,,,,,,0.87076001,0.963386704,5.12474743,,,
,,,,,,,,,,,,,,,,,,,,,,,4.067390596,3.177369657,3.625989974,,,
,,,,,,,,,,,,,,,,,,,,,,,0.264111127,2.239325916,4.905191999,,,
,,,,,,,,,,,,,,,,,,,,,,,3.718885869,3.937579898,5.029417606,,,
,,,,,,,,,,,,,,,,,,,,,,,2.236068445,2.837376663,6.448106559,,,
,,,,,,,,,,,,,,,,,,,,,,,-0.895612852,3.134082256,4.034753273,,,
,,,,,,,,,,,,,,,,,,,,,,,3.406583579,2.383019258,6.895350579,,,
,,,,,,,,,,,,,,,,,,,,,,,3.621156116,3.48564857,5.098958708,,,
,,,,,,,,,,,,,,,,,,,,,,,1.683803935,4.470511961,5.567745246,,,
,,,,,,,,,,,,,,,,,,,,,,,1.972189926,3.388738499,5.218406058,,,
,,,,,,,,,,,,,,,,,,,,,,,2.432603429,3.901848125,3.989774213,,,
,,,,,,,,,,,,,,,,,,,,,,,3.578791853,3.765996901,4.351621227,,,
,,,,,,,,,,,,,,,,,,,,,,,0.694843271,3.437480594,6.428311407,,,
,,,,,,,,,,,,,,,,,,,,,,,3.789403541,3.595011898,4.465293286,,,
,,,,,,,,,,,,,,,,,,,,,,,0.633229552,3.545683179,5.597387952,,,
,,,,,,,,,,,,,,,,,,,,,,,3.479825187,3.90899448,4.591134383,,,
,,,,,,,,,,,,,,,,,,,,,,,0.718499228,2.437818587,5.3940238,,,
,,,,,,,,,,,,,,,,,,,,,,,3.720563887,1.028861228,3.891362338,,,
,,,,,,,,,,,,,,,,,,,,,,,1.641449904,2.283738816,4.305324536,,,
,,,,,,,,,,,,,,,,,,,,,,,2.032555363,2.357931983,4.637286692,,,
,,,,,,,,,,,,,,,,,,,,,,,2.297511633,4.288835847,6.19474862,,,
,,,,,,,,,,,,,,,,,,,,,,,1.076808308,2.3577444,5.227739747,,,
,,,,,,,,,,,,,,,,,,,,,,,2.49626351,3.231509603,4.86807893,,,
,,,,,,,,,,,,,,,,,,,,,,,2.321749667,1.786295237,6.978132786,,,
,,,,,,,,,,,,,,,,,,,,,,,2.600682597,2.438534815,5.003863079,,,
,,,,,,,,,,,,,,,,,,,,,,,1.247879714,2.186350124,6.041426003,,,
,,,,,,,,,,,,,,,,,,,,,,,1.352846771,3.351381004,5.662032562,,,
,,,,,,,,,,,,,,,,,,,,,,,1.382464466,3.507803861,5.160684976,,,
,,,,,,,,,,,,,,,,,,,,,,,1.463173026,2.261615358,3.733142093,,,
,,,,,,,,,,,,,,,,,,,,,,,1.757160367,3.764150627,5.027428086,,,
,,,,,,,,,,,,,,,,,,,,,,,3.489497663,2.599601779,5.546126557,,,
,,,,,,,,,,,,,,,,,,,,,,,-0.050819603,2.976091658,6.109488039,,,
,,,,,,,,,,,,,,,,,,,,,,,2.126675559,3.228917543,5.264881237,,,
,,,,,,,,,,,,,,,,,,,,,,,2.36794745,4.580124263,6.102716851,,,
,,,,,,,,,,,,,,,,,,,,,,,2.261476316,3.323200311,5.854598738,,,
,,,,,,,,,,,,,,,,,,,,,,,2.346908564,3.69409225,6.25482984,,,
,,,,,,,,,,,,,,,,,,,,,,,1.79559675,1.794246494,4.134995505,,,
,,,,,,,,,,,,,,,,,,,,,,,0.606663212,2.839701559,4.121796463,,,
,,,,,,,,,,,,,,,,,,,,,,,2.221932623,4.170733412,4.137771738,,,
,,,,,,,,,,,,,,,,,,,,,,,1.971423676,1.112434696,5.519062269,,,
,,,,,,,,,,,,,,,,,,,,,,,1.543583726,3.040670329,5.366719632,,,
,,,,,,,,,,,,,,,,,,,,,,,1.534907147,3.302633225,6.384305506,,,
,,,,,,,,,,,,,,,,,,,,,,,3.886210157,5.482083801,5.976644969,,,
,,,,,,,,,,,,,,,,,,,,,,,0.972809863,2.193889835,4.011329237,,,
,,,,,,,,,,,,,,,,,,,,,,,2.165802021,4.149737727,5.077609457,,,
,,,,,,,,,,,,,,,,,,,,,,,3.281500772,2.8244175,3.728349055,,,
,,,,,,,,,,,,,,,,,,,,,,,1.515986246,1.891221367,5.497648216,,,
,,,,,,,,,,,,,,,,,,,,,,,3.255839379,2.632952949,5.004628191,,,
,,,,,,,,,,,,,,,,,,,,,,,3.739008439,4.07558435,4.718124855,,,
,,,,,,,,,,,,,,,,,,,,,,,-0.313572622,3.933787305,3.731946107,,,
,,,,,,,,,,,,,,,,,,,,,,,2.356022838,1.383095772,4.547062544,,,
,,,,,,,,,,,,,,,,,,,,,,,1.685331886,4.097255335,5.26377279,,,
,,,,,,,,,,,,,,,,,,,,,,,3.159271505,3.945206011,4.520711071,,,
,,,,,,,,,,,,,,,,,,,,,,,4.244796633,3.25325221,6.107225671,,,
,,,,,,,,,,,,,,,,,,,,,,,0.537559804,2.266428858,5.440850272,,,
,,,,,,,,,,,,,,,,,,,,,,,1.518479399,2.040467173,6.080234142,,,
,,,,,,,,,,,,,,,,,,,,,,,1.642917601,2.559656771,3.615894583,,,
,,,,,,,,,,,,,,,,,,,,,,,2.27686383,1.030989445,5.624771701,,,
,,,,,,,,,,,,,,,,,,,,,,,0.578236955,3.305999492,4.261815447,,,
,,,,,,,,,,,,,,,,,,,,,,,1.807299673,3.387994987,5.431091394,,,
,,,,,,,,,,,,,,,,,,,,,,,1.871088221,1.176581357,4.380056579,,,
,,,,,,,,,,,,,,,,,,,,,,,2.612913027,2.048197878,4.053957254,,,
,,,,,,,,,,,,,,,,,,,,,,,2.459558578,2.375879725,5.052464202,,,
,,,,,,,,,,,,,,,,,,,,,,,1.69568421,4.153748599,4.289955213,,,
,,,,,,,,,,,,,,,,,,,,,,,1.705685241,3.314025783,4.848452035,,,
,,,,,,,,,,,,,,,,,,,,,,,1.442113676,2.63622372,4.557041974,,,
,,,,,,,,,,,,,,,,,,,,,,,2.143040779,3.272813168,2.884942786,,,
,,,,,,,,,,,,,,,,,,,,,,,0.848334144,3.989916771,6.228863766,,,
,,,,,,,,,,,,,,,,,,,,,,,3.054008862,3.471666226,6.55606358,,,
,,,,,,,,,,,,,,,,,,,,,,,1.195581495,3.294155598,5.959896624,,,
,,,,,,,,,,,,,,,,,,,,,,,1.944318461,3.559048203,4.723929704,,,
,,,,,,,,,,,,,,,,,,,,,,,1.341391685,2.673090088,4.86367925,,,
,,,,,,,,,,,,,,,,,,,,,,,3.393536877,1.761475126,4.40279622,,,
,,,,,,,,,,,,,,,,,,,,,,,1.318604296,3.168518,5.593004188,,,
,,,,,,,,,,,,,,,,,,,,,,,3.222379069,2.316286221,4.54035502,,,
,,,,,,,,,,,,,,,,,,,,,,,2.888260274,2.640307351,6.490193426,,,
,,,,,,,,,,,,,,,,,,,,,,,2.791062575,1.635562406,5.421206323,,,
,,,,,,,,,,,,,,,,,,,,,,,1.407634732,3.372125442,6.664811862,,,
,,,,,,,,,,,,,,,,,,,,,,,0.980169948,2.895351266,5.424049631,,,
,,,,,,,,,,,,,,,,,,,,,,,1.265126007,4.471189535,4.197273155,,,
,,,,,,,,,,,,,,,,,,,,,,,0.658299774,1.933105871,5.712508381,,,
,,,,,,,,,,,,,,,,,,,,,,,0.679631972,1.307330316,4.504602783,,,
,,,,,,,,,,,,,,,,,,,,,,,1.450051291,4.544863153,4.288379513,,,
,,,,,,,,,,,,,,,,,,,,,,,2.620036644,2.379314204,5.550483037,,,
,,,,,,,,,,,,,,,,,,,,,,,2.937461664,2.542819751,3.768689693,,,
,,,,,,,,,,,,,,,,,,,,,,,1.267629391,2.528248509,4.292510893,,,
,,,,,,,,,,,,,,,,,,,,,,,2.367292614,2.927376848,3.395969669,,,
,,,,,,,,,,,,,,,,,,,,,,,3.66634436,2.220183327,6.253488335,,,
,,,,,,,,,,,,,,,,,,,,,,,2.24772703,0.960330802,4.496542387,,,
,,,,,,,,,,,,,,,,,,,,,,,3.002736099,0.839076968,4.751958057,,,
,,,,,,,,,,,,,,,,,,,,,,,1.673977982,3.590998752,4.226596401,,,
,,,,,,,,,,,,,,,,,,,,,,,0.56100203,2.535248207,5.439922587,,,
,,,,,,,,,,,,,,,,,,,,,,,1.591300366,2.953740826,4.959712795,,,
,,,,,,,,,,,,,,,,,,,,,,,0.969822173,2.428025603,4.807455424,,,
,,,,,,,,,,,,,,,,,,,,,,,1.131541699,1.571902324,4.561593995,,,
,,,,,,,,,,,,,,,,,,,,,,,1.357273737,2.871550926,4.5317512,,,
,,,,,,,,,,,,,,,,,,,,,,,1.043373009,3.07860649,3.426505954,,,
,,,,,,,,,,,,,,,,,,,,,,,2.126520945,3.948559773,5.583363544,,,
,,,,,,,,,,,,,,,,,,,,,,,1.317637958,2.686536967,5.3131413,,,
,,,,,,,,,,,,,,,,,,,,,,,2.357000545,3.49669552,4.114913862,,,
,,,,,,,,,,,,,,,,,,,,,,,2.007994458,3.09619157,4.598442173,,,
,,,,,,,,,,,,,,,,,,,,,,,2.93107019,1.917155608,5.870131771,,,
,,,,,,,,,,,,,,,,,,,,,,,2.082367251,4.139574124,5.422376161,,,
,,,,,,,,,,,,,,,,,,,,,,,2.437396466,3.374996034,5.603616854,,,
,,,,,,,,,,,,,,,,,,,,,,,0.929720277,1.986199898,3.080602381,,,
,,,,,,,,,,,,,,,,,,,,,,,2.172864247,2.723294195,2.55906174,,,
,,,,,,,,,,,,,,,,,,,,,,,2.761082219,1.919629434,6.100331701,,,
,,,,,,,,,,,,,,,,,,,,,,,0.806185886,3.800617954,3.599969331,,,
,,,,,,,,,,,,,,,,,,,,,,,1.823874077,4.116593467,3.216630956,,,
,,,,,,,,,,,,,,,,,,,,,,,1.528333774,4.435132617,6.607922968,,,
,,,,,,,,,,,,,,,,,,,,,,,1.086255684,2.366837073,5.250884113,,,
,,,,,,,,,,,,,,,,,,,,,,,1.903731123,1.239427441,6.075447926,,,
,,,,,,,,,,,,,,,,,,,,,,,1.052161002,4.173925739,6.045909812,,,
,,,,,,,,,,,,,,,,,,,,,,,1.796768861,3.56639692,5.726182634,,,
,,,,,,,,,,,,,,,,,,,,,,,3.453363438,1.434368536,4.178335202,,,
,,,,,,,,,,,,,,,,,,,,,,,5.030581865,2.256278898,4.340251406,,,
,,,,,,,,,,,,,,,,,,,,,,,1.897196403,2.663471044,5.737782102,,,
,,,,,,,,,,,,,,,,,,,,,,,1.065739757,3.612360509,4.8567273,,,
,,,,,,,,,,,,,,,,,,,,,,,3.093212632,3.30215233,5.397747044,,,
,,,,,,,,,,,,,,,,,,,,,,,1.779242899,3.21026608,4.030846993,,,
,,,,,,,,,,,,,,,,,,,,,,,0.463408701,3.356919827,4.03937578,,,
,,,,,,,,,,,,,,,,,,,,,,,1.481287887,3.23253051,3.836824489,,,
,,,,,,,,,,,,,,,,,,,,,,,1.35999881,4.760572559,4.021135864,,,
,,,,,,,,,,,,,,,,,,,,,,,0.812868398,4.321100171,4.937498387,,,
,,,,,,,,,,,,,,,,,,,,,,,2.098882538,2.211549948,4.465821929,,,
,,,,,,,,,,,,,,,,,,,,,,,1.232361461,2.84496867,6.176063051,,,
,,,,,,,,,,,,,,,,,,,,,,,0.519033397,1.452608452,5.107880851,,,
,,,,,,,,,,,,,,,,,,,,,,,0.902885636,3.263535185,3.918667643,,,
,,,,,,,,,,,,,,,,,,,,,,,2.598759016,2.703447884,5.297592351,,,
,,,,,,,,,,,,,,,,,,,,,,,1.229481773,2.743507715,5.89041805,,,
,,,,,,,,,,,,,,,,,,,,,,,2.128834472,1.379125827,5.117195214,,,
,,,,,,,,,,,,,,,,,,,,,,,2.845705017,2.187201638,4.35661549,,,
,,,,,,,,,,,,,,,,,,,,,,,2.681975507,2.298786406,4.291626409,,,
,,,,,,,,,,,,,,,,,,,,,,,-0.18858986,3.219816911,6.109910954,,,
,,,,,,,,,,,,,,,,,,,,,,,2.603065473,4.143391728,2.934555722,,,
,,,,,,,,,,,,,,,,,,,,,,,0.436192072,3.167585767,5.730472038,,,
,,,,,,,,,,,,,,,,,,,,,,,1.35943606,3.72777766,4.930905688,,,
,,,,,,,,,,,,,,,,,,,,,,,2.639156497,0.90664333,4.478748123,,,
,,,,,,,,,,,,,,,,,,,,,,,2.042355168,1.925234195,3.787411641,,,
,,,,,,,,,,,,,,,,,,,,,,,2.414111128,2.585804744,6.283065103,,,
,,,,,,,,,,,,,,,,,,,,,,,3.703670023,4.56173428,3.063422026,,,
,,,,,,,,,,,,,,,,,,,,,,,3.319090188,2.62885795,4.207470864,,,
,,,,,,,,,,,,,,,,,,,,,,,-1.315217327,3.093502877,4.62730044,,,
,,,,,,,,,,,,,,,,,,,,,,,-0.128872438,4.891212378,3.807122665,,,
,,,,,,,,,,,,,,,,,,,,,,,1.023602868,2.91440859,6.261753368,,,
,,,,,,,,,,,,,,,,,,,,,,,1.636305574,4.237535798,2.693048499,,,
,,,,,,,,,,,,,,,,,,,,,,,2.490388175,2.958258741,6.064329354,,,
,,,,,,,,,,,,,,,,,,,,,,,-1.611203283,3.790644208,5.262900812,,,
,,,,,,,,,,,,,,,,,,,,,,,2.134313041,1.695916474,4.899349632,,,
,,,,,,,,,,,,,,,,,,,,,,,2.634283879,3.464410732,4.29044634,,,
,,,,,,,,,,,,,,,,,,,,,,,1.227525223,2.719875632,4.829076387,,,
,,,,,,,,,,,,,,,,,,,,,,,1.94493237,2.667759312,3.251901161,,,
,,,,,,,,,,,,,,,,,,,,,,,2.41019689,1.833507107,5.903917226,,,
,,,,,,,,,,,,,,,,,,,,,,,2.056294311,2.146832579,5.504412583,,,
,,,,,,,,,,,,,,,,,,,,,,,1.730757736,2.34594598,6.394751052,,,
,,,,,,,,,,,,,,,,,,,,,,,3.046041689,4.236057869,5.722006916,,,
,,,,,,,,,,,,,,,,,,,,,,,1.71971647,1.177786438,6.323116976,,,
,,,,,,,,,,,,,,,,,,,,,,,0.958967353,2.968822522,4.112535534,,,
,,,,,,,,,,,,,,,,,,,,,,,3.472999429,4.345097189,4.926840246,,,
,,,,,,,,,,,,,,,,,,,,,,,1.725280304,3.03975174,2.693048499,,,
,,,,,,,,,,,,,,,,,,,,,,,0.975915787,4.306952981,4.828844466,,,
,,,,,,,,,,,,,,,,,,,,,,,1.314254637,1.937823875,6.368525773,,,
,,,,,,,,,,,,,,,,,,,,,,,3.153300673,3.40670443,3.828661774,,,
,,,,,,,,,,,,,,,,,,,,,,,2.351543576,3.180090183,4.63998107,,,
,,,,,,,,,,,,,,,,,,,,,,,2.735174126,3.010977601,3.808057171,,,
,,,,,,,,,,,,,,,,,,,,,,,2.074310265,1.516045707,5.792213086,,,
,,,,,,,,,,,,,,,,,,,,,,,0.483522177,3.338552582,4.67631652,,,
,,,,,,,,,,,,,,,,,,,,,,,2.410529992,3.327555654,3.556027094,,,
,,,,,,,,,,,,,,,,,,,,,,,2.916768386,3.540275096,4.584471198,,,
,,,,,,,,,,,,,,,,,,,,,,,1.666708845,2.763931555,5.435628635,,,
,,,,,,,,,,,,,,,,,,,,,,,2.06280743,3.321508651,3.857342689,,,
,,,,,,,,,,,,,,,,,,,,,,,1.873941761,1.906230303,4.909186954,,,
,,,,,,,,,,,,,,,,,,,,,,,2.253726284,2.092970029,5.412861709,,,
,,,,,,,,,,,,,,,,,,,,,,,2.195896064,3.141341161,6.386902113,,,
,,,,,,,,,,,,,,,,,,,,,,,1.331572553,3.453530902,5.516001819,,,
,,,,,,,,,,,,,,,,,,,,,,,1.269030013,3.804946012,6.52352186,,,
,,,,,,,,,,,,,,,,,,,,,,,1.503563686,4.689477358,4.439340854,,,
,,,,,,,,,,,,,,,,,,,,,,,1.835748667,3.437732979,3.799451078,,,
,,,,,,,,,,,,,,,,,,,,,,,1.318411028,2.119995664,4.247677351,,,
,,,,,,,,,,,,,,,,,,,,,,,3.842299753,2.349354312,6.279936441,,,
,,,,,,,,,,,,,,,,,,,,,,,2.430754881,3.836878371,7.962478902,,,
,,,,,,,,,,,,,,,,,,,,,,,1.985732302,3.104648734,4.802544153,,,
,,,,,,,,,,,,,,,,,,,,,,,1.278588803,4.312364475,4.339490842,,,
,,,,,,,,,,,,,,,,,,,,,,,2.978493517,2.908571908,4.024587396,,,
,,,,,,,,,,,,,,,,,,,,,,,2.190207174,1.442399374,5.150851065,,,
,,,,,,,,,,,,,,,,,,,,,,,1.133435722,2.486531124,4.857345756,,,
,,,,,,,,,,,,,,,,,,,,,,,3.659636837,2.844736749,5.660224941,,,
,,,,,,,,,,,,,,,,,,,,,,,4.203087206,1.260300345,2.298218659,,,
,,,,,,,,,,,,,,,,,,,,,,,-0.047690941,4.247303771,4.057779405,,,
,,,,,,,,,,,,,,,,,,,,,,,2.840684606,3.897148311,2.992335921,,,
,,,,,,,,,,,,,,,,,,,,,,,1.816099034,3.594645826,4.568992735,,,
,,,,,,,,,,,,,,,,,,,,,,,1.520882739,1.923733528,5.062962044,,,
,,,,,,,,,,,,,,,,,,,,,,,2.970990186,2.937958819,6.941589289,,,
,,,,,,,,,,,,,,,,,,,,,,,2.618554168,2.050360202,6.082294148,,,
,,,,,,,,,,,,,,,,,,,,,,,1.002311597,1.839530235,3.619077815,,,
,,,,,,,,,,,,,,,,,,,,,,,2.207216999,2.294768713,5.052157247,,,
,,,,,,,,,,,,,,,,,,,,,,,2.002868319,2.144077947,3.838027295,,,
,,,,,,,,,,,,,,,,,,,,,,,2.75364369,2.251529061,4.683482201,,,
,,,,,,,,,,,,,,,,,,,,,,,2.20971811,2.935198502,5.113191163,,,
,,,,,,,,,,,,,,,,,,,,,,,2.281875145,1.76410584,4.839004658,,,
,,,,,,,,,,,,,,,,,,,,,,,2.379843641,2.726154556,5.029417606,,,
,,,,,,,,,,,,,,,,,,,,,,,1.257589707,3.115655894,5.536826974,,,
,,,,,,,,,,,,,,,,,,,,,,,2.66718485,4.154940037,4.671395017,,,
,,,,,,,,,,,,,,,,,,,,,,,3.25047336,3.219346248,5.321990683,,,
,,,,,,,,,,,,,,,,,,,,,,,1.699767841,3.319896571,5.316839532,,,
,,,,,,,,,,,,,,,,,,,,,,,2.064877668,3.458794602,4.320532424,,,
,,,,,,,,,,,,,,,,,,,,,,,2.263851234,2.943092917,4.47058086,,,
,,,,,,,,,,,,,,,,,,,,,,,1.61826461,2.594956535,5.12983719,,,
,,,,,,,,,,,,,,,,,,,,,,,0.875380243,1.397352101,5.187715159,,,
,,,,,,,,,,,,,,,,,,,,,,,1.56411898,2.038648184,5.473803539,,,
,,,,,,,,,,,,,,,,,,,,,,,2.879215349,1.445478013,5.693410129,,,
,,,,,,,,,,,,,,,,,,,,,,,2.092964001,2.312997261,3.507714736,,,
,,,,,,,,,,,,,,,,,,,,,,,0.910257091,4.428097676,6.080920811,,,
,,,,,,,,,,,,,,,,,,,,,,,2.466286565,2.24757617,5.902882675,,,
,,,,,,,,,,,,,,,,,,,,,,,1.902270247,3.504760465,6.255166353,,,
,,,,,,,,,,,,,,,,,,,,,,,0.599764695,3.079296569,4.920933078,,,
,,,,,,,,,,,,,,,,,,,,,,,1.414367267,3.528979172,6.082566996,,,
,,,,,,,,,,,,,,,,,,,,,,,1.005076461,2.793408278,4.273618414,,,
,,,,,,,,,,,,,,,,,,,,,,,2.374832325,2.29604428,4.512801878,,,
,,,,,,,,,,,,,,,,,,,,,,,2.339930466,2.747853963,4.839469638,,,
,,,,,,,,,,,,,,,,,,,,,,,1.58980311,4.314720066,5.275274488,,,
,,,,,,,,,,,,,,,,,,,,,,,2.511200824,2.57804107,3.67871793,,,
,,,,,,,,,,,,,,,,,,,,,,,1.314254637,0.409468051,4.34215225,,,
,,,,,,,,,,,,,,,,,,,,,,,0.742473508,2.216654487,5.145205377,,,
,,,,,,,,,,,,,,,,,,,,,,,1.830163233,1.889661583,6.125195013,,,
,,,,,,,,,,,,,,,,,,,,,,,3.529160727,3.300232159,2.942240952,,,
,,,,,,,,,,,,,,,,,,,,,,,3.136797891,2.428746378,5.202528554,,,
,,,,,,,,,,,,,,,,,,,,,,,1.937881512,4.709249773,5.150309916,,,
,,,,,,,,,,,,,,,,,,,,,,,2.464835921,2.593627535,3.447524376,,,
,,,,,,,,,,,,,,,,,,,,,,,2.876854074,2.276105882,4.943399871,,,
,,,,,,,,,,,,,,,,,,,,,,,1.613241926,1.869457158,4.363374172,,,
,,,,,,,,,,,,,,,,,,,,,,,3.764551598,1.478429006,6.419243745,,,
,,,,,,,,,,,,,,,,,,,,,,,3.046969373,4.298374173,3.151824911,,,
,,,,,,,,,,,,,,,,,,,,,,,1.297219802,2.891965672,5.087663921,,,
,,,,,,,,,,,,,,,,,,,,,,,2.419535127,1.58534693,5.576756065,,,
,,,,,,,,,,,,,,,,,,,,,,,2.881695996,2.682517,3.014236553,,,
,,,,,,,,,,,,,,,,,,,,,,,0.726113972,2.900426246,4.359529284,,,
,,,,,,,,,,,,,,,,,,,,,,,2.255860186,2.741530701,4.827135753,,,
,,,,,,,,,,,,,,,,,,,,,,,2.697405085,1.97086127,5.633162927,,,
,,,,,,,,,,,,,,,,,,,,,,,2.055528062,2.351621227,4.944318461,,,
,,,,,,,,,,,,,,,,,,,,,,,1.824028691,1.881692136,4.906036692,,,
,,,,,,,,,,,,,,,,,,,,,,,3.207181413,3.107033884,6.020343916,,,
,,,,,,,,,,,,,,,,,,,,,,,0.781004251,4.197722668,4.459282662,,,
,,,,,,,,,,,,,,,,,,,,,,,2.682941845,3.339039161,5.89406285,,,
,,,,,,,,,,,,,,,,,,,,,,,0.643856998,1.553421392,4.069520982,,,
,,,,,,,,,,,,,,,,,,,,,,,1.090312031,2.046751782,4.418721472,,,
,,,,,,,,,,,,,,,,,,,,,,,1.950753136,3.487457328,3.180996954,,,
,,,,,,,,,,,,,,,,,,,,,,,2.560121407,0.994627847,4.013323304,,,
,,,,,,,,,,,,,,,,,,,,,,,2.048480615,4.6642025,4.58196895,,,
,,,,,,,,,,,,,,,,,,,,,,,1.810961526,1.568928277,4.890503659,,,
,,,,,,,,,,,,,,,,,,,,,,,2.586086344,2.488886715,5.51224788,,,
,,,,,,,,,,,,,,,,,,,,,,,1.511422857,2.468996066,3.65810878,,,
,,,,,,,,,,,,,,,,,,,,,,,0.270968717,2.580882104,4.703287585,,,
,,,,,,,,,,,,,,,,,,,,,,,-0.200486051,2.995447979,3.917569428,,,
,,,,,,,,,,,,,,,,,,,,,,,0.739940565,3.422460289,4.383112481,,,
,,,,,,,,,,,,,,,,,,,,,,,3.074765805,2.362905783,4.368706085,,,
,,,,,,,,,,,,,,,,,,,,,,,3.240505298,3.18289029,6.299085852,,,
,,,,,,,,,,,,,,,,,,,,,,,1.410185865,3.395347115,4.453251576,,,
,,,,,,,,,,,,,,,,,,,,,,,-0.155420589,4.191319825,4.011704404,,,
,,,,,,,,,,,,,,,,,,,,,,,2.159213869,3.649513368,3.547732503,,,
,,,,,,,,,,,,,,,,,,,,,,,2.890190677,1.848779796,4.71764737,,,
,,,,,,,,,,,,,,,,,,,,,,,1.620979452,3.826498763,6.786756911,,,
,,,,,,,,,,,,,,,,,,,,,,,1.906497123,3.626353085,3.995112946,,,
,,,,,,,,,,,,,,,,,,,,,,,2.421206323,2.57360501,6.191319825,,,
,,,,,,,,,,,,,,,,,,,,,,,2.929301223,4.889384293,3.707467057,,,
,,,,,,,,,,,,,,,,,,,,,,,1.965683628,2.127630872,5.906914011,,,
,,,,,,,,,,,,,,,,,,,,,,,1.413550995,2.554677288,4.859894615,,,
,,,,,,,,,,,,,,,,,,,,,,,1.804415438,2.927147201,3.545313247,,,
,,,,,,,,,,,,,,,,,,,,,,,1.586389094,1.158118615,5.172010459,,,
,,,,,,,,,,,,,,,,,,,,,,,1.501312686,4.491121111,5.586630904,,,
,,,,,,,,,,,,,,,,,,,,,,,1.857036528,2.508835344,4.992235189,,,
,,,,,,,,,,,,,,,,,,,,,,,2.840575467,4.606249498,5.026968792,,,
,,,,,,,,,,,,,,,,,,,,,,,1.459282662,2.185497472,5.890759111,,,
,,,,,,,,,,,,,,,,,,,,,,,0.681460056,5.000815584,4.394178758,,,
,,,,,,,,,,,,,,,,,,,,,,,1.792471499,2.637041128,3.691068868,,,
,,,,,,,,,,,,,,,,,,,,,,,0.47525487,3.204324806,5.323441327,,,
,,,,,,,,,,,,,,,,,,,,,,,1.790829861,0.695231286,5.623749656,,,
,,,,,,,,,,,,,,,,,,,,,,,2.114500835,2.600099727,5.527923021,,,
,,,,,,,,,,,,,,,,,,,,,,,3.326798156,2.251429017,4.35114829,,,
,,,,,,,,,,,,,,,,,,,,,,,0.907064764,2.029378159,5.632135198,,,
,,,,,,,,,,,,,,,,,,,,,,,1.55104272,2.672444346,5.732370609,,,
,,,,,,,,,,,,,,,,,,,,,,,0.950247573,4.017642717,3.177381713,,,
,,,,,,,,,,,,,,,,,,,,,,,3.656007953,2.073875188,4.679297389,,,
,,,,,,,,,,,,,,,,,,,,,,,3.65270194,2.591134383,5.745637863,,,
,,,,,,,,,,,,,,,,,,,,,,,2.241500402,3.288648607,4.544178308,,,
,,,,,,,,,,,,,,,,,,,,,,,2.226405064,2.410731562,6.491353032,,,
,,,,,,,,,,,,,,,,,,,,,,,2.6636526,0.883505785,4.506935637,,,
,,,,,,,,,,,,,,,,,,,,,,,2.22052177,3.193947471,3.598336788,,,
,,,,,,,,,,,,,,,,,,,,,,,1.849148935,1.930397851,2.786399035,,,
,,,,,,,,,,,,,,,,,,,,,,,1.551126848,2.946846856,3.766566023,,,
,,,,,,,,,,,,,,,,,,,,,,,0.834714461,3.175270998,5.788137413,,,
,,,,,,,,,,,,,,,,,,,,,,,1.996672386,4.289715783,4.847445906,,,
,,,,,,,,,,,,,,,,,,,,,,,1.145290985,4.184967005,4.240449142,,,
,,,,,,,,,,,,,,,,,,,,,,,2.757713678,1.946791493,5.631293915,,,
,,,,,,,,,,,,,,,,,,,,,,,0.384510036,3.967440883,5.739893267,,,
,,,,,,,,,,,,,,,,,,,,,,,2.193479082,3.103341335,6.661155693,,,
,,,,,,,,,,,,,,,,,,,,,,,1.269928139,5.144615792,3.46886567,,,
,,,,,,,,,,,,,,,,,,,,,,,1.162253062,3.965733307,5.648190053,,,
,,,,,,,,,,,,,,,,,,,,,,,0.904420409,3.317483,4.274713218,,,
,,,,,,,,,,,,,,,,,,,,,,,1.63622372,1.837877229,6.92425432,,,
,,,,,,,,,,,,,,,,,,,,,,,1.897504495,4.014950612,4.161600499,,,
,,,,,,,,,,,,,,,,,,,,,,,2.886670932,0.988879841,4.758106242,,,
,,,,,,,,,,,,,,,,,,,,,,,1.810338522,4.99463102,6.878115654,,,
,,,,,,,,,,,,,,,,,,,,,,,0.942919319,3.242839633,5.606648882,,,
,,,,,,,,,,,,,,,,,,,,,,,0.655280251,4.756266101,5.371633178,,,
,,,,,,,,,,,,,,,,,,,,,,,0.741800482,3.490820184,3.993462214,,,
,,,,,,,,,,,,,,,,,,,,,,,2.069325097,1.617088295,5.912004907,,,
,,,,,,,,,,,,,,,,,,,,,,,1.548248297,3.088739398,5.75222033,,,
,,,,,,,,,,,,,,,,,,,,,,,2.876405011,3.38371013,6.983571565,,,
,,,,,,,,,,,,,,,,,,,,,,,3.928165148,2.326398665,7.866509021,,,
,,,,,,,,,,,,,,,,,,,,,,,1.717726951,1.441880962,3.436710484,,,
,,,,,,,,,,,,,,,,,,,,,,,2.435123866,4.924736353,6.806347427,,,
,,,,,,,,,,,,,,,,,,,,,,,-0.225278877,2.075400865,3.611692718,,,
,,,,,,,,,,,,,,,,,,,,,,,2.359366368,2.546553227,4.801920012,,,
,,,,,,,,,,,,,,,,,,,,,,,2.364102561,2.50909455,4.278986706,,,
,,,,,,,,,,,,,,,,,,,,,,,3.174994395,2.801138983,3.539337867,,,
,,,,,,,,,,,,,,,,,,,,,,,1.339680699,2.515470108,6.364828677,,,
,,,,,,,,,,,,,,,,,,,,,,,3.358062036,2.10216502,4.395556642,,,
,,,,,,,,,,,,,,,,,,,,,,,3.676548891,3.800300768,4.248793756,,,
,,,,,,,,,,,,,,,,,,,,,,,1.173285232,2.302108336,5.599125087,,,
,,,,,,,,,,,,,,,,,,,,,,,2.207138555,4.032781256,4.466881491,,,
,,,,,,,,,,,,,,,,,,,,,,,2.888712748,2.546045046,4.826825388,,,
,,,,,,,,,,,,,,,,,,,,,,,1.341296189,4.269249879,5.890304364,,,
,,,,,,,,,,,,,,,,,,,,,,,1.588471837,0.94096766,5.906568403,,,
,,,,,,,,,,,,,,,,,,,,,,,3.291298304,1.762955329,4.578710685,,,
,,,,,,,,,,,,,,,,,,,,,,,0.769505964,1.380262696,5.617350224,,,
,,,,,,,,,,,,,,,,,,,,,,,1.422701649,2.681873533,5.116117462,,,
,,,,,,,,,,,,,,,,,,,,,,,1.918554749,1.624020918,3.256116669,,,
,,,,,,,,,,,,,,,,,,,,,,,0.147586666,5.269225661,4.84055421,,,
,,,,,,,,,,,,,,,,,,,,,,,2.766613084,2.989098569,3.061421138,,,
,,,,,,,,,,,,,,,,,,,,,,,1.497237013,4.148405318,4.07516667,,,
,,,,,,,,,,,,,,,,,,,,,,,2.393362143,4.084631549,5.533118509,,,
,,,,,,,,,,,,,,,,,,,,,,,2.263614766,3.139023086,4.923771838,,,
,,,,,,,,,,,,,,,,,,,,,,,3.473226803,4.581993274,5.836334948,,,
,,,,,,,,,,,,,,,,,,,,,,,1.990782271,3.185457338,4.88064701,,,
,,,,,,,,,,,,,,,,,,,,,,,1.813998102,2.086371645,4.969816145,,,
,,,,,,,,,,,,,,,,,,,,,,,1.906958692,3.595559868,3.878543011,,,
,,,,,,,,,,,,,,,,,,,,,,,1.243711954,4.424077709,4.255371677,,,
,,,,,,,,,,,,,,,,,,,,,,,2.739591997,3.170457497,5.081676035,,,
,,,,,,,,,,,,,,,,,,,,,,,2.84450221,2.233696144,4.492893039,,,
,,,,,,,,,,,,,,,,,,,,,,,2.609686595,1.46886567,2.357917891,,,
,,,,,,,,,,,,,,,,,,,,,,,1.537037638,4.403095666,3.830330696,,,
,,,,,,,,,,,,,,,,,,,,,,,2.255622581,2.579963514,5.976028787,,,
,,,,,,,,,,,,,,,,,,,,,,,2.061198762,2.279482381,6.284111022,,,
,,,,,,,,,,,,,,,,,,,,,,,1.050842234,2.30386366,4.667193151,,,
,,,,,,,,,,,,,,,,,,,,,,,1.684366685,1.941716512,5.263535185,,,
,,,,,,,,,,,,,,,,,,,,,,,2.335071491,1.508646968,5.183123348,,,
,,,,,,,,,,,,,,,,,,,,,,,2.9889186,3.548882326,4.642102466,,,
,,,,,,,,,,,,,,,,,,,,,,,0.390126166,2.067040335,4.449339612,,,
,,,,,,,,,,,,,,,,,,,,,,,0.875091478,2.352942268,7.575470717,,,
,,,,,,,,,,,,,,,,,,,,,,,2.0840555,1.751698058,5.721709057,,,
,,,,,,,,,,,,,,,,,,,,,,,2.075538082,1.833809514,4.151227712,,,
,,,,,,,,,,,,,,,,,,,,,,,0.757016328,2.628366822,2.473969415,,,
,,,,,,,,,,,,,,,,,,,,,,,2.308565404,2.887039621,5.685067789,,,
,,,,,,,,,,,,,,,,,,,,,,,-0.334054443,2.557885531,2.885661287,,,
,,,,,,,,,,,,,,,,,,,,,,,2.134159563,4.793209776,3.958178367,,,
,,,,,,,,,,,,,,,,,,,,,,,2.785739758,2.883574446,3.98850092,,,
,,,,,,,,,,,,,,,,,,,,,,,0.2358122,3.890531737,6.374403382,,,
,,,,,,,,,,,,,,,,,,,,,,,1.592048425,3.570353222,5.982081474,,,
,,,,,,,,,,,,,,,,,,,,,,,-0.417546057,1.95289875,4.600431693,,,
,,,,,,,,,,,,,,,,,,,,,,,1.887502327,3.481863935,6.203857209,,,
,,,,,,,,,,,,,,,,,,,,,,,2.729173735,2.547570724,6.426615199,,,
,,,,,,,,,,,,,,,,,,,,,,,1.732185643,4.231310307,5.741704298,,,
,,,,,,,,,,,,,,,,,,,,,,,2.671491307,2.994300879,3.030989445,,,
,,,,,,,,,,,,,,,,,,,,,,,2.521426955,5.023998604,4.591466349,,,
,,,,,,,,,,,,,,,,,,,,,,,0.899947968,3.002180514,4.333101641,,,
,,,,,,,,,,,,,,,,,,,,,,,1.957875616,4.50498181,3.95659812,,,
,,,,,,,,,,,,,,,,,,,,,,,1.788560672,2.881109716,4.825504347,,,
,,,,,,,,,,,,,,,,,,,,,,,1.598524028,2.973720151,5.25894451,,,
,,,,,,,,,,,,,,,,,,,,,,,3.394955689,4.744933797,5.658512818,,,
,,,,,,,,,,,,,,,,,,,,,,,-0.502565621,2.246256266,5.548792514,,,
,,,,,,,,,,,,,,,,,,,,,,,0.993589543,3.377951892,3.394305294,,,
,,,,,,,,,,,,,,,,,,,,,,,1.799813395,2.949527592,5.184290911,,,
,,,,,,,,,,,,,,,,,,,,,,,0.748189682,4.382313712,3.377702468,,,
,,,,,,,,,,,,,,,,,,,,,,,1.331572553,3.302233047,6.240173333,,,
,,,,,,,,,,,,,,,,,,,,,,,2.957836619,3.069325097,6.171338226,,,
,,,,,,,,,,,,,,,,,,,,,,,2.455821692,1.706407496,6.144126145,,,
,,,,,,,,,,,,,,,,,,,,,,,4.087917892,4.832368071,3.708701696,,,
,,,,,,,,,,,,,,,,,,,,,,,1.437370661,3.558154625,3.629323272,,,
,,,,,,,,,,,,,,,,,,,,,,,3.904645615,3.400232238,5.799775535,,,
,,,,,,,,,,,,,,,,,,,,,,,2.872817054,1.663547558,4.327933438,,,
,,,,,,,,,,,,,,,,,,,,,,,0.306047928,1.538003183,6.788266673,,,
,,,,,,,,,,,,,,,,,,,,,,,1.556113153,3.014649686,5.209405471,,,
,,,,,,,,,,,,,,,,,,,,,,,1.451740678,4.072044142,5.768050086,,,
,,,,,,,,,,,,,,,,,,,,,,,0.623034116,5.031174517,5.121433459,,,
,,,,,,,,,,,,,,,,,,,,,,,2.815996373,2.019032657,3.716061782,,,
,,,,,,,,,,,,,,,,,,,,,,,2.031101308,2.265025963,5.182501481,,,
,,,,,,,,,,,,,,,,,,,,,,,-0.362994564,4.176672413,3.982868874,,,
,,,,,,,,,,,,,,,,,,,,,,,1.94792006,3.600041403,5.723496214,,,
,,,,,,,,,,,,,,,,,,,,,,,3.32000423,2.349447535,4.431536253,,,
,,,,,,,,,,,,,,,,,,,,,,,1.890426352,3.297671932,6.285334292,,,
,,,,,,,,,,,,,,,,,,,,,,,2.75852995,3.509110123,4.587138291,,,
,,,,,,,,,,,,,,,,,,,,,,,-0.114338713,2.828067985,4.269130058,,,
,,,,,,,,,,,,,,,,,,,,,,,3.138696462,2.998584599,4.209460384,,,
,,,,,,,,,,,,,,,,,,,,,,,2.078375706,2.727028808,6.383309609,,,
,,,,,,,,,,,,,,,,,,,,,,,1.985196837,1.854400474,4.948531695,,,
,,,,,,,,,,,,,,,,,,,,,,,1.875560661,1.631278686,4.848142807,,,
,,,,,,,,,,,,,,,,,,,,,,,2.15503133,1.154353307,3.947191671,,,
,,,,,,,,,,,,,,,,,,,,,,,1.300350737,2.46458729,4.034143912,,,
,,,,,,,,,,,,,,,,,,,,,,,2.825100415,4.616053851,4.943246394,,,
,,,,,,,,,,,,,,,,,,,,,,,3.579060154,4.299085852,5.11257498,,,
,,,,,,,,,,,,,,,,,,,,,,,2.85879492,1.763778422,4.993153779,,,
,,,,,,,,,,,,,,,,,,,,,,,2.32481239,2.687902346,4.247677351,,,
,,,,,,,,,,,,,,,,,,,,,,,1.922545157,1.719194991,5.334343895,,,
,,,,,,,,,,,,,,,,,,,,,,,3.348696514,2.432884579,3.692687768,,,
,,,,,,,,,,,,,,,,,,,,,,,1.985350314,2.576284608,5.858904059,,,
,,,,,,,,,,,,,,,,,,,,,,,0.605449036,4.123037237,4.852630026,,,
,,,,,,,,,,,,,,,,,,,,,,,2.303595016,2.171345735,5.043733053,,,
,,,,,,,,,,,,,,,,,,,,,,,2.472948614,4.45822014,7.603919711,,,
,,,,,,,,,,,,,,,,,,,,,,,1.293984274,2.955884959,6.672506187,,,
,,,,,,,,,,,,,,,,,,,,,,,2.021689175,2.78503979,6.170124051,,,
,,,,,,,,,,,,,,,,,,,,,,,2.953489234,5.65223207,4.442381977,,,
,,,,,,,,,,,,,,,,,,,,,,,0.805562882,1.767384568,4.308922725,,,
,,,,,,,,,,,,,,,,,,,,,,,0.807122665,3.602699401,3.545754352,,,
,,,,,,,,,,,,,,,,,,,,,,,1.196111276,4.471644282,4.305130132,,,
,,,,,,,,,,,,,,,,,,,,,,,0.836221948,4.158973646,3.110151864,,,
,,,,,,,,,,,,,,,,,,,,,,,3.102575879,3.511026883,4.973183549,,,
,,,,,,,,,,,,,,,,,,,,,,,2.063114385,3.756185727,3.055882315,,,
,,,,,,,,,,,,,,,,,,,,,,,1.79911081,4.162122771,3.454377419,,,
,,,,,,,,,,,,,,,,,,,,,,,4.172109816,2.15549779,4.582719283,,,
,,,,,,,,,,,,,,,,,,,,,,,1.758736067,4.212906682,6.313630946,,,
,,,,,,,,,,,,,,,,,,,,,,,2.555207862,3.662223556,6.120311026,,,
,,,,,,,,,,,,,,,,,,,,,,,3.180810614,2.316576123,6.290595719,,,
,,,,,,,,,,,,,,,,,,,,,,,1.34575726,2.927454155,5.782411007,,,
,,,,,,,,,,,,,,,,,,,,,,,2.035618086,2.301423941,4.888809725,,,
,,,,,,,,,,,,,,,,,,,,,,,3.711227924,2.246966809,4.208728241,,,
,,,,,,,,,,,,,,,,,,,,,,,1.703127287,0.389204509,6.431712917,,,
,,,,,,,,,,,,,,,,,,,,,,,0.929990852,1.824700924,4.724566351,,,
,,,,,,,,,,,,,,,,,,,,,,,1.604074219,0.315462679,3.292068994,,,
,,,,,,,,,,,,,,,,,,,,,,,4.558954293,2.763223286,6.233925104,,,
,,,,,,,,,,,,,,,,,,,,,,,2.41502858,2.491326435,5.061198762,,,
,,,,,,,,,,,,,,,,,,,,,,,0.961725396,5.033584678,5.955419637,,,
,,,,,,,,,,,,,,,,,,,,,,,2.677060825,2.380240752,5.258073669,,,
,,,,,,,,,,,,,,,,,,,,,,,2.410447001,3.55324449,5.866564278,,,
,,,,,,,,,,,,,,,,,,,,,,,2.142886165,2.326782927,4.669375939,,,
,,,,,,,,,,,,,,,,,,,,,,,1.219458005,1.963560301,4.823951384,,,
,,,,,,,,,,,,,,,,,,,,,,,-0.379529178,0.95725671,5.358876378,,,
,,,,,,,,,,,,,,,,,,,,,,,1.517017386,3.855591225,4.804492745,,,
,,,,,,,,,,,,,,,,,,,,,,,3.082844392,2.899964678,5.252146037,,,
,,,,,,,,,,,,,,,,,,,,,,,2.943293799,2.745799641,5.56128556,,,
,,,,,,,,,,,,,,,,,,,,,,,2.322555707,3.187169462,4.451117674,,,
,,,,,,,,,,,,,,,,,,,,,,,0.667462933,2.789187086,5.66403345,,,
,,,,,,,,,,,,,,,,,,,,,,,2.605361947,2.344713615,4.91433242,,,
,,,,,,,,,,,,,,,,,,,,,,,1.669698809,3.658228601,5.191064373,,,
,,,,,,,,,,,,,,,,,,,,,,,1.626808176,2.836988991,4.696004807,,,
,,,,,,,,,,,,,,,,,,,,,,,1.899118848,4.067569428,4.330232185,,,
,,,,,,,,,,,,,,,,,,,,,,,0.618282007,3.596930931,4.213009687,,,
,,,,,,,,,,,,,,,,,,,,,,,2.153249857,2.704805305,5.81695589,,,
,,,,,,,,,,,,,,,,,,,,,,,0.600783329,1.899388629,5.124824737,,,
,,,,,,,,,,,,,,,,,,,,,,,1.054434738,3.378363438,5.30431579,,,
,,,,,,,,,,,,,,,,,,,,,,,3.421763045,2.86869625,4.929448222,,,
,,,,,,,,,,,,,,,,,,,,,,,1.026554178,3.332645413,7.149990905,,,
,,,,,,,,,,,,,,,,,,,,,,,2.702486886,1.428347681,6.930129656,,,
,,,,,,,,,,,,,,,,,,,,,,,0.74952664,2.047836354,5.602608452,,,
,,,,,,,,,,,,,,,,,,,,,,,3.295006768,2.087183369,6.342641553,,,
,,,,,,,,,,,,,,,,,,,,,,,2.995928531,0.301165422,5.560928584,,,
,,,,,,,,,,,,,,,,,,,,,,,0.013136064,3.796514996,5.497475412,,,
,,,,,,,,,,,,,,,,,,,,,,,0.208313627,3.655379608,5.73067099,,,
,,,,,,,,,,,,,,,,,,,,,,,0.950779627,2.352376108,5.018704895,,,
,,,,,,,,,,,,,,,,,,,,,,,1.625659939,1.897562818,6.104124294,,,
,,,,,,,,,,,,,,,,,,,,,,,2.397664053,0.860686562,3.657544893,,,
,,,,,,,,,,,,,,,,,,,,,,,3.168609742,0.991189957,6.479138518,,,
,,,,,,,,,,,,,,,,,,,,,,,2.409531822,0.766462911,3.930941274,,,
,,,,,,,,,,,,,,,,,,,,,,,3.903244993,3.373684088,6.929147402,,,
,,,,,,,,,,,,,,,,,,,,,,,2.102033937,3.107495453,5.182267286,,,
,,,,,,,,,,,,,,,,,,,,,,,1.782298801,1.906369001,5.066718258,,,
,,,,,,,,,,,,,,,,,,,,,,,1.322074018,5.000815584,5.968786935,,,
,,,,,,,,,,,,,,,,,,,,,,,1.444703462,3.379185394,5.323523182,,,
,,,,,,,,,,,,,,,,,,,,,,,1.481287887,2.702407649,6.489033821,,,
,,,,,,,,,,,,,,,,,,,,,,,0.347898327,2.944777755,7.073256837,,,
,,,,,,,,,,,,,,,,,,,,,,,1.722897428,2.041679075,4.72210162,,,
,,,,,,,,,,,,,,,,,,,,,,,1.472076979,1.160201358,5.369093414,,,
,,,,,,,,,,,,,,,,,,,,,,,1.253147962,3.090736876,4.938188466,,,
,,,,,,,,,,,,,,,,,,,,,,,2.335476216,3.059972081,5.228917543,,,
,,,,,,,,,,,,,,,,,,,,,,,3.314720066,2.227834451,5.719328455,,,
,,,,,,,,,,,,,,,,,,,,,,,3.722246452,2.151557404,3.94198254,,,
,,,,,,,,,,,,,,,,,,,,,,,2.476459263,2.827214197,4.803479795,,,
,,,,,,,,,,,,,,,,,,,,,,,3.023308869,3.328201395,4.892119149,,,
,,,,,,,,,,,,,,,,,,,,,,,3.184196208,3.373929652,6.14751856,,,
,,,,,,,,,,,,,,,,,,,,,,,0.385355866,2.660717549,4.136105089,,,
,,,,,,,,,,,,,,,,,,,,,,,2.373437388,3.219660024,5.270431428,,,
,,,,,,,,,,,,,,,,,,,,,,,1.30590775,2.037311227,4.997055511,,,
,,,,,,,,,,,,,,,,,,,,,,,2.63878133,1.096291165,4.156589183,,,
,,,,,,,,,,,,,,,,,,,,,,,2.357000545,2.026185833,3.998023329,,,
,,,,,,,,,,,,,,,,,,,,,,,2.053612439,3.033244305,2.974218786,,,
,,,,,,,,,,,,,,,,,,,,,,,1.752430995,4.685029929,6.642006282,,,
,,,,,,,,,,,,,,,,,,,,,,,2.984562121,2.742084356,6.30247372,,,
,,,,,,,,,,,,,,,,,,,,,,,2.933196134,3.252541668,4.869545491,,,
,,,,,,,,,,,,,,,,,,,,,,,3.303365025,2.726869646,4.255169314,,,
,,,,,,,,,,,,,,,,,,,,,,,1.437818587,2.545196943,4.32582341,,,
,,,,,,,,,,,,,,,,,,,,,,,2.126675559,3.233945912,5.802306204,,,
,,,,,,,,,,,,,,,,,,,,,,,1.144077947,1.764599241,5.795043889,,,
,,,,,,,,,,,,,,,,,,,,,,,1.813296654,3.158515832,4.043493517,,,
,,,,,,,,,,,,,,,,,,,,,,,1.513663624,3.881695996,5.635033075,,,
,,,,,,,,,,,,,,,,,,,,,,,1.109127202,4.151518063,6.035655259,,,
,,,,,,,,,,,,,,,,,,,,,,,2.411528163,3.935563094,5.442114469,,,
,,,,,,,,,,,,,,,,,,,,,,,1.658366505,2.597944225,4.776420054,,,
,,,,,,,,,,,,,,,,,,,,,,,0.991429493,3.817383352,3.25330633,,,
,,,,,,,,,,,,,,,,,,,,,,,2.493841981,3.246780019,5.563526328,,,
,,,,,,,,,,,,,,,,,,,,,,,4.009383024,3.598759016,4.074343577,,,
,,,,,,,,,,,,,,,,,,,,,,,1.011704404,2.249403118,4.618347601,,,
,,,,,,,,,,,,,,,,,,,,,,,2.982824986,1.324697117,5.219190497,,,
,,,,,,,,,,,,,,,,,,,,,,,2.014420038,2.082881459,5.656993961,,,
,,,,,,,,,,,,,,,,,,,,,,,2.786365035,3.848333457,5.743721102,,,
,,,,,,,,,,,,,,,,,,,,,,,1.96109068,4.851135494,4.788326477,,,
,,,,,,,,,,,,,,,,,,,,,,,0.78533572,3.230173782,3.855726062,,,
,,,,,,,,,,,,,,,,,,,,,,,2.091504262,2.148813004,3.706584847,,,
,,,,,,,,,,,,,,,,,,,,,,,1.642184321,4.500488906,4.39620011,,,
,,,,,,,,,,,,,,,,,,,,,,,0.2790996,3.292957338,5.804734555,,,
,,,,,,,,,,,,,,,,,,,,,,,2.540806013,3.636157438,5.465006451,,,
,,,,,,,,,,,,,,,,,,,,,,,2.180556299,4.04962055,5.003327614,,,
,,,,,,,,,,,,,,,,,,,,,,,3.655103006,3.241420821,5.351381004,,,
,,,,,,,,,,,,,,,,,,,,,,,2.685647592,5.459419193,5.505976914,,,
,,,,,,,,,,,,,,,,,,,,,,,1.763065262,3.692632511,5.890645424,,,
,,,,,,,,,,,,,,,,,,,,,,,0.824396243,3.284583166,3.304115252,,,
,,,,,,,,,,,,,,,,,,,,,,,3.306593731,1.569564923,5.54488396,,,
,,,,,,,,,,,,,,,,,,,,,,,1.882727479,3.481693405,5.704151262,,,
,,,,,,,,,,,,,,,,,,,,,,,2.17038019,1.36414645,5.413194812,,,
,,,,,,,,,,,,,,,,,,,,,,,0.197163222,2.437370661,5.721113338,,,
,,,,,,,,,,,,,,,,,,,,,,,1.77947823,2.611509338,5.228681074,,,
,,,,,,,,,,,,,,,,,,,,,,,2.823488335,1.25856321,5.040440682,,,
,,,,,,,,,,,,,,,,,,,,,,,0.22593054,2.387179059,5.175659807,,,
,,,,,,,,,,,,,,,,,,,,,,,3.046439593,2.614807393,4.462643245,,,
,,,,,,,,,,,,,,,,,,,,,,,0.92441565,2.349258815,5.927300334,,,
,,,,,,,,,,,,,,,,,,,,,,,1.97892246,2.293099791,5.078223366,,,
,,,,,,,,,,,,,,,,,,,,,,,0.40010787,2.27690169,5.904378794,,,
,,,,,,,,,,,,,,,,,,,,,,,1.245746949,3.694967639,4.696725581,,,
,,,,,,,,,,,,,,,,,,,,,,,2.047944013,2.073288564,6.872340363,,,
,,,,,,,,,,,,,,,,,,,,,,,2.158593139,4.576140676,4.264925918,,,
,,,,,,,,,,,,,,,,,,,,,,,0.882979071,1.788848643,4.367398686,,,
,,,,,,,,,,,,,,,,,,,,,,,1.732979177,1.415059963,5.035005314,,,
,,,,,,,,,,,,,,,,,,,,,,,4.100950951,3.827899385,5.912236828,,,
,,,,,,,,,,,,,,,,,,,,,,,2.64009555,3.153405608,6.525722837,,,
,,,,,,,,,,,,,,,,,,,,,,,1.933205572,3.61512992,4.689027845,,,
,,,,,,,,,,,,,,,,,,,,,,,0.522002898,1.608077476,4.993229949,,,
,,,,,,,,,,,,,,,,,,,,,,,3.55401267,2.108215434,5.980842287,,,
,,,,,,,,,,,,,,,,,,,,,,,2.46108994,3.468334065,3.917980975,,,
,,,,,,,,,,,,,,,,,,,,,,,3.576404429,2.837532414,5.067561814,,,
,,,,,,,,,,,,,,,,,,,,,,,2.370732778,5.176993803,4.152544206,,,
,,,,,,,,,,,,,,,,,,,,,,,2.689911985,3.87382432,2.891345629,,,
,,,,,,,,,,,,,,,,,,,,,,,0.984792455,3.414361239,5.148994559,,,
,,,,,,,,,,,,,,,,,,,,,,,0.826835963,2.777596713,6.540338417,,,
,,,,,,,,,,,,,,,,,,,,,,,0.964738097,4.360567694,4.429555828,,,
,,,,,,,,,,,,,,,,,,,,,,,2.031101308,3.301592991,5.879329036,,,
,,,,,,,,,,,,,,,,,,,,,,,3.178050297,4.682187758,1.477272362,,,
,,,,,,,,,,,,,,,,,,,,,,,1.955501835,4.086978045,4.307269718,,,
,,,,,,,,,,,,,,,,,,,,,,,3.031999091,1.700914148,4.212905095,,,
,,,,,,,,,,,,,,,,,,,,,,,3.090575097,4.391117621,4.353790372,,,
,,,,,,,,,,,,,,,,,,,,,,,0.700559445,2.010956344,5.131843763,,,
,,,,,,,,,,,,,,,,,,,,,,,1.244832907,4.615489964,2.737759259,,,
,,,,,,,,,,,,,,,,,,,,,,,3.159871772,3.357653107,4.424508133,,,
,,,,,,,,,,,,,,,,,,,,,,,2.565858045,1.831240191,2.978957254,,,
,,,,,,,,,,,,,,,,,,,,,,,2.30031174,2.67163717,3.997643615,,,
,,,,,,,,,,,,,,,,,,,,,,,2.75944854,4.361147497,4.026063051,,,
,,,,,,,,,,,,,,,,,,,,,,,3.007299488,3.777743026,6.767461981,,,
,,,,,,,,,,,,,,,,,,,,,,,0.511893864,1.609082468,4.805741027,,,
,,,,,,,,,,,,,,,,,,,,,,,1.909571216,3.838072083,3.591561052,,,
,,,,,,,,,,,,,,,,,,,,,,,2.038603503,2.437818587,5.54240104,,,
,,,,,,,,,,,,,,,,,,,,,,,2.801039732,4.448106559,4.685331886,,,
,,,,,,,,,,,,,,,,,,,,,,,2.70945589,1.927819433,4.145290985,,,
,,,,,,,,,,,,,,,,,,,,,,,2.665752395,2.377272388,4.472428271,,,
,,,,,,,,,,,,,,,,,,,,,,,2.645268301,3.157353952,5.365248525,,,
,,,,,,,,,,,,,,,,,,,,,,,1.781123279,2.180156465,3.944390427,,,
,,,,,,,,,,,,,,,,,,,,,,,1.768255066,3.13771114,3.532634891,,,
,,,,,,,,,,,,,,,,,,,,,,,3.839798642,3.132538389,4.696004807,,,
,,,,,,,,,,,,,,,,,,,,,,,1.770848262,2.418902235,5.059283138,,,
,,,,,,,,,,,,,,,,,,,,,,,4.023998604,4.138844254,4.724963118,,,
,,,,,,,,,,,,,,,,,,,,,,,1.556366674,2.867076212,6.090436399,,,
,,,,,,,,,,,,,,,,,,,,,,,1.665089945,1.920588951,5.944846761,,,
,,,,,,,,,,,,,,,,,,,,,,,2.486940053,4.317266651,4.992235189,,,
,,,,,,,,,,,,,,,,,,,,,,,2.792318815,2.438176701,4.166375346,,,
,,,,,,,,,,,,,,,,,,,,,,,2.593825007,4.81145424,4.219872961,,,
,,,,,,,,,,,,,,,,,,,,,,,2.058593059,2.741926331,4.909416601,,,
,,,,,,,,,,,,,,,,,,,,,,,2.960139914,2.774302069,4.436922735,,,
,,,,,,,,,,,,,,,,,,,,,,,2.375489435,3.838181222,4.523884071,,,
,,,,,,,,,,,,,,,,,,,,,,,3.290945875,3.731970431,5.470297437,,,
,,,,,,,,,,,,,,,,,,,,,,,2.785323664,3.598026872,6.138696462,,,
,,,,,,,,,,,,,,,,,,,,,,,1.875097956,4.835242074,2.298218659,,,
,,,,,,,,,,,,,,,,,,,,,,,1.292117536,2.441845375,4.545959781,,,
,,,,,,,,,,,,,,,,,,,,,,,2.923778316,3.06273126,4.239735189,,,
,,,,,,,,,,,,,,,,,,,,,,,2.75761136,3.486422778,4.804492745,,,
,,,,,,,,,,,,,,,,,,,,,,,2.396339601,3.409032737,4.119431777,,,
,,,,,,,,,,,,,,,,,,,,,,,2.747356808,3.402221758,3.97604539,,,
,,,,,,,,,,,,,,,,,,,,,,,2.658988029,3.172708496,6.31109573,,,
,,,,,,,,,,,,,,,,,,,,,,,2.190518676,3.465176981,6.366770448,,,
,,,,,,,,,,,,,,,,,,,,,,,0.939167654,3.302472927,2.49034032,,,
,,,,,,,,,,,,,,,,,,,,,,,3.012138,1.290750227,3.85719717,,,
,,,,,,,,,,,,,,,,,,,,,,,1.366837073,2.648211997,5.900470241,,,
,,,,,,,,,,,,,,,,,,,,,,,2.633910986,1.958967353,4.682115686,,,
,,,,,,,,,,,,,,,,,,,,,,,2.71843715,2.98075964,6.915559551,,,
,,,,,,,,,,,,,,,,,,,,,,,3.404737304,1.449306986,4.704886022,,,
,,,,,,,,,,,,,,,,,,,,,,,2.006770051,4.567455001,6.754478944,,,
,,,,,,,,,,,,,,,,,,,,,,,2.902537067,4.286384759,3.23617145,,,
,,,,,,,,,,,,,,,,,,,,,,,2.098805231,3.356429837,3.985817911,,,
,,,,,,,,,,,,,,,,,,,,,,,1.545027549,3.858019575,6.439643711,,,
,,,,,,,,,,,,,,,,,,,,,,,2.733271008,4.996313586,4.27192448,,,
,,,,,,,,,,,,,,,,,,,,,,,2.15116143,3.060967977,3.168859747,,,
,,,,,,,,,,,,,,,,,,,,,,,2.683423877,5.032975317,4.242286322,,,
,,,,,,,,,,,,,,,,,,,,,,,1.002059212,4.685029929,3.568500814,,,
,,,,,,,,,,,,,,,,,,,,,,,1.796846168,3.322958158,3.97268026,,,
,,,,,,,,,,,,,,,,,,,,,,,1.749511517,2.927607632,5.908878519,,,
,,,,,,,,,,,,,,,,,,,,,,,0.49501819,4.190699095,4.392431391,,,
,,,,,,,,,,,,,,,,,,,,,,,0.331200004,3.560928584,5.39294946,,,
,,,,,,,,,,,,,,,,,,,,,,,1.341677039,3.925067525,4.984661372,,,
,,,,,,,,,,,,,,,,,,,,,,,1.829154831,3.893720653,6.240009624,,,
,,,,,,,,,,,,,,,,,,,,,,,1.279978056,1.024031811,5.869126779,,,
,,,,,,,,,,,,,,,,,,,,,,,0.823020633,4.225614596,5.253173766,,,
,,,,,,,,,,,,,,,,,,,,,,,1.119319227,1.989392225,4.995601456,,,
,,,,,,,,,,,,,,,,,,,,,,,2.004092726,2.226183718,5.888146587,,,
,,,,,,,,,,,,,,,,,,,,,,,1.862984623,3.21355163,5.97197244,,,
,,,,,,,,,,,,,,,,,,,,,,,0.903583673,4.266516847,4.727583599,,,
,,,,,,,,,,,,,,,,,,,,,,,1.997896794,0.807190084,5.810671281,,,
,,,,,,,,,,,,,,,,,,,,,,,2.238428584,2.012202352,3.329967639,,,
,,,,,,,,,,,,,,,,,,,,,,,2.807910965,3.626632755,4.768962198,,,
,,,,,,,,,,,,,,,,,,,,,,,1.026924797,4.573494046,7.008810043,,,
,,,,,,,,,,,,,,,,,,,,,,,1.816643594,1.842972673,5.482638143,,,
,,,,,,,,,,,,,,,,,,,,,,,0.968391992,4.375781267,5.525901669,,,
,,,,,,,,,,,,,,,,,,,,,,,3.569028427,3.780853497,5.237721451,,,
,,,,,,,,,,,,,,,,,,,,,,,2.549237029,2.15473154,5.093732524,,,
,,,,,,,,,,,,,,,,,,,,,,,1.791846221,2.007206952,2.781051206,,,
,,,,,,,,,,,,,,,,,,,,,,,1.963692972,2.626397766,5.346421984,,,
,,,,,,,,,,,,,,,,,,,,,,,2.061888841,4.320368028,4.207891506,,,
,,,,,,,,,,,,,,,,,,,,,,,2.510851805,2.298884177,6.064868229,,,
,,,,,,,,,,,,,,,,,,,,,,,2.73217052,3.199796659,3.968260115,,,
,,,,,,,,,,,,,,,,,,,,,,,3.646440069,1.629323272,3.139446689,,,
,,,,,,,,,,,,,,,,,,,,,,,1.298001967,4.134319518,4.506158019,,,
,,,,,,,,,,,,,,,,,,,,,,,1.290052983,3.039981387,5.189349976,,,
,,,,,,,,,,,,,,,,,,,,,,,4.057122401,2.532262791,4.712707677,,,
,,,,,,,,,,,,,,,,,,,,,,,-0.218948794,4.689477358,6.290418368,,,
,,,,,,,,,,,,,,,,,,,,,,,1.379963356,3.357244971,5.558333113,,,
,,,,,,,,,,,,,,,,,,,,,,,2.176048616,1.897001205,3.750363375,,,
,,,,,,,,,,,,,,,,,,,,,,,2.221541541,3.121356152,4.451296162,,,
,,,,,,,,,,,,,,,,,,,,,,,3.274402166,2.880724317,5.268923941,,,
,,,,,,,,,,,,,,,,,,,,,,,3.724611138,2.410549663,5.301112095,,,
,,,,,,,,,,,,,,,,,,,,,,,0.336106728,3.763639036,4.998660769,,,
,,,,,,,,,,,,,,,,,,,,,,,2.656234533,1.621651685,4.31821776,,,
,,,,,,,,,,,,,,,,,,,,,,,3.617468115,1.371686161,6.22739948,,,
,,,,,,,,,,,,,,,,,,,,,,,1.710554448,1.550583769,5.293596258,,,
,,,,,,,,,,,,,,,,,,,,,,,2.415695922,4.894422894,3.243733899,,,
,,,,,,,,,,,,,,,,,,,,,,,1.620404196,3.459049261,5.816422698,,,
,,,,,,,,,,,,,,,,,,,,,,,1.624101292,0.462655301,4.9480724,,,
,,,,,,,,,,,,,,,,,,,,,,,2.703564638,2.353694875,2.739723767,,,
,,,,,,,,,,,,,,,,,,,,,,,3.379337391,3.103726734,6.014695954,,,
,,,,,,,,,,,,,,,,,,,,,,,-0.18358764,3.782617917,6.506173248,,,
,,,,,,,,,,,,,,,,,,,,,,,1.84566557,3.366883341,5.711424946,,,
,,,,,,,,,,,,,,,,,,,,,,,1.248489075,2.336919245,6.386902113,,,
,,,,,,,,,,,,,,,,,,,,,,,2.072545845,3.023908342,4.371598278,,,
,,,,,,,,,,,,,,,,,,,,,,,2.225619488,-0.248569556,3.64768597,,,
,,,,,,,,,,,,,,,,,,,,,,,0.771461378,3.491164656,5.226875727,,,
,,,,,,,,,,,,,,,,,,,,,,,0.841326487,3.959653335,6.765274646,,,
,,,,,,,,,,,,,,,,,,,,,,,2.915954388,2.215926891,4.604735876,,,
,,,,,,,,,,,,,,,,,,,,,,,2.329250724,3.911425104,5.866564278,,,
,,,,,,,,,,,,,,,,,,,,,,,2.428909743,3.348290996,5.623192591,,,
,,,,,,,,,,,,,,,,,,,,,,,1.081949227,1.810233137,3.46141236,,,
,,,,,,,,,,,,,,,,,,,,,,,1.231641823,4.729031283,3.979913016,,,
,,,,,,,,,,,,,,,,,,,,,,,1.966678388,3.991792604,6.554521987,,,
,,,,,,,,,,,,,,,,,,,,,,,2.274242211,3.573145371,2.776540113,,,
,,,,,,,,,,,,,,,,,,,,,,,2.570894372,3.913860276,3.959888217,,,
,,,,,,,,,,,,,,,,,,,,,,,2.835034371,4.346611498,4.244525952,,,
,,,,,,,,,,,,,,,,,,,,,,,1.663875769,1.835016868,4.732740434,,,
,,,,,,,,,,,,,,,,,,,,,,,2.261793502,2.94508471,5.376885509,,,
,,,,,,,,,,,,,,,,,,,,,,,1.678491349,3.272416401,4.321206587,,,
,,,,,,,,,,,,,,,,,,,,,,,1.159098252,3.333857315,6.567977961,,,
,,,,,,,,,,,,,,,,,,,,,,,0.797720764,3.903571618,3.950911504,,,
,,,,,,,,,,,,,,,,,,,,,,,1.378665052,3.050624749,6.000335033,,,
,,,,,,,,,,,,,,,,,,,,,,,1.733295226,1.15895535,5.973197984,,,
,,,,,,,,,,,,,,,,,,,,,,,3.530393092,4.304260877,3.706762199,,,
,,,,,,,,,,,,,,,,,,,,,,,4.391388989,3.622355856,5.417948058,,,
,,,,,,,,,,,,,,,,,,,,,,,3.372636689,2.771711146,3.998275714,,,
,,,,,,,,,,,,,,,,,,,,,,,4.403576218,4.354032975,6.062849151,,,
,,,,,,,,,,,,,,,,,,,,,,,1.72940941,2.274116362,4.870625516,,,
,,,,,,,,,,,,,,,,,,,,,,,1.397025476,0.447048372,4.685412604,,,
,,,,,,,,,,,,,,,,,,,,,,,3.557345968,2.498973011,5.486853651,,,
,,,,,,,,,,,,,,,,,,,,,,,2.989043656,3.165337042,4.592214408,,,
,,,,,,,,,,,,,,,,,,,,,,,1.964459221,3.655664962,5.03462219,,,
,,,,,,,,,,,,,,,,,,,,,,,3.258370048,3.026662974,4.759681941,,,
,,,,,,,,,,,,,,,,,,,,,,,3.980843081,2.59927095,5.139023086,,,
,,,,,,,,,,,,,,,,,,,,,,,1.192300493,3.941265625,7.492197382,,,
,,,,,,,,,,,,,,,,,,,,,,,1.664443067,3.760367129,4.820298626,,,
,,,,,,,,,,,,,,,,,,,,,,,3.820208126,2.139545253,3.828357093,,,
,,,,,,,,,,,,,,,,,,,,,,,1.993076472,2.360843503,5.879892923,,,
,,,,,,,,,,,,,,,,,,,,,,,2.844938768,2.239837507,5.444392754,,,
,,,,,,,,,,,,,,,,,,,,,,,0.684554612,4.903708835,3.78597464,,,
,,,,,,,,,,,,,,,,,,,,,,,1.751325959,4.778512342,5.740295718,,,
,,,,,,,,,,,,,,,,,,,,,,,-0.145379767,2.672363629,4.153419594,,,
,,,,,,,,,,,,,,,,,,,,,,,2.722502591,2.300447371,4.073522758,,,
,,,,,,,,,,,,,,,,,,,,,,,2.346421984,1.74466539,5.104956825,,,
,,,,,,,,,,,,,,,,,,,,,,,1.987721822,2.439698968,5.769693997,,,
,,,,,,,,,,,,,,,,,,,,,,,2.079680831,2.609776751,6.158823579,,,
,,,,,,,,,,,,,,,,,,,,,,,4.286633389,1.553639671,4.300545142,,,
,,,,,,,,,,,,,,,,,,,,,,,1.067395038,2.915406761,4.772732053,,,
,,,,,,,,,,,,,,,,,,,,,,,2.422794528,2.167889655,6.282542144,,,
,,,,,,,,,,,,,,,,,,,,,,,1.715257673,4.208609319,5.222795506,,,
,,,,,,,,,,,,,,,,,,,,,,,0.955543106,3.701703584,3.87076001,,,
,,,,,,,,,,,,,,,,,,,,,,,0.530388439,1.465896169,6.655103006,,,
,,,,,,,,,,,,,,,,,,,,,,,1.115252649,3.90899448,6.10906285,,,
,,,,,,,,,,,,,,,,,,,,,,,1.1341042,3.726281542,4.563866595,,,
,,,,,,,,,,,,,,,,,,,,,,,2.16975946,1.835319275,5.675618139,,,
,,,,,,,,,,,,,,,,,,,,,,,1.734484391,2.798876615,4.194631073,,,
,,,,,,,,,,,,,,,,,,,,,,,1.17554419,1.184184733,5.52713176,,,
,,,,,,,,,,,,,,,,,,,,,,,3.802063707,2.596948328,3.397074705,,,
,,,,,,,,,,,,,,,,,,,,,,,1.794033556,2.807299673,5.542931957,,,
,,,,,,,,,,,,,,,,,,,,,,,1.923925316,2.407725682,5.115423973,,,
,,,,,,,,,,,,,,,,,,,,,,,2.649606591,3.247490561,4.593793518,,,
,,,,,,,,,,,,,,,,,,,,,,,0.937823875,0.607283149,4.762986818,,,
,,,,,,,,,,,,,,,,,,,,,,,1.440503871,1.779071575,4.009833118,,,
,,,,,,,,,,,,,,,,,,,,,,,1.430096977,4.516477823,5.35325229,,,
,,,,,,,,,,,,,,,,,,,,,,,0.574444362,1.993462214,5.639624886,,,
,,,,,,,,,,,,,,,,,,,,,,,2.399652436,3.343823103,3.562720975,,,
,,,,,,,,,,,,,,,,,,,,,,,2.372781415,3.24165729,6.622584023,,,
,,,,,,,,,,,,,,,,,,,,,,,1.230201411,3.169991381,5.80568725,,,
,,,,,,,,,,,,,,,,,,,,,,,1.148592451,2.956879719,3.53353529,,,
,,,,,,,,,,,,,,,,,,,,,,,2.361978891,3.137941925,5.668139819,,,
,,,,,,,,,,,,,,,,,,,,,,,1.301228399,2.871010914,5.915720193,,,
,,,,,,,,,,,,,,,,,,,,,,,4.000251698,2.311057763,5.843519956,,,
,,,,,,,,,,,,,,,,,,,,,,,2.375489435,2.990245669,4.352280611,,,
,,,,,,,,,,,,,,,,,,,,,,,0.394305294,1.684008915,4.217277491,,,
,,,,,,,,,,,,,,,,,,,,,,,3.965836418,4.486255314,4.332433163,,,
,,,,,,,,,,,,,,,,,,,,,,,0.759990376,5.106535248,4.131096047,,,
,,,,,,,,,,,,,,,,,,,,,,,2.089277137,2.390222456,4.753298425,,,
,,,,,,,,,,,,,,,,,,,,,,,2.655664962,2.118078904,5.443717454,,,
,,,,,,,,,,,,,,,,,,,,,,,1.299861884,2.348691517,5.502762987,,,
,,,,,,,,,,,,,,,,,,,,,,,0.562293513,3.16386366,3.539783519,,,
,,,,,,,,,,,,,,,,,,,,,,,-0.726083039,3.420119477,4.556113153,,,
,,,,,,,,,,,,,,,,,,,,,,,1.180904524,1.861303538,5.525111545,,,
,,,,,,,,,,,,,,,,,,,,,,,1.540610816,3.001721219,5.466116035,,,
,,,,,,,,,,,,,,,,,,,,,,,1.273817366,2.894350822,4.767076133,,,
,,,,,,,,,,,,,,,,,,,,,,,3.294297363,3.582547273,6.165738013,,,
,,,,,,,,,,,,,,,,,,,,,,,2.371796887,4.544358383,3.238345142,,,
,,,,,,,,,,,,,,,,,,,,,,,2.919917511,3.127369049,5.599857231,,,
,,,,,,,,,,,,,,,,,,,,,,,2.345365834,3.154102509,2.396080289,,,
,,,,,,,,,,,,,,,,,,,,,,,4.791348379,3.08758775,3.772436811,,,
,,,,,,,,,,,,,,,,,,,,,,,2.010136318,2.911105988,5.234731488,,,
,,,,,,,,,,,,,,,,,,,,,,,2.488835212,1.010935087,4.680585461,,,
,,,,,,,,,,,,,,,,,,,,,,,0.56013801,1.739431248,6.71654392,,,
,,,,,,,,,,,,,,,,,,,,,,,1.884190629,3.500506303,3.481102921,,,
,,,,,,,,,,,,,,,,,,,,,,,0.865098405,3.36794745,5.722403684,,,
,,,,,,,,,,,,,,,,,,,,,,,3.111613983,3.083518898,4.582969394,,,
,,,,,,,,,,,,,,,,,,,,,,,1.422340125,2.877873051,6.090852493,,,
,,,,,,,,,,,,,,,,,,,,,,,3.270620942,4.797811819,4.328413196,,,
,,,,,,,,,,,,,,,,,,,,,,,2.540806013,1.242301444,5.317884314,,,
,,,,,,,,,,,,,,,,,,,,,,,0.683645117,2.271326487,3.826531282,,,
,,,,,,,,,,,,,,,,,,,,,,,2.393197297,1.790597147,5.188961167,,,
,,,,,,,,,,,,,,,,,,,,,,,2.959412318,2.804571189,5.023678695,,,
,,,,,,,,,,,,,,,,,,,,,,,0.965652139,1.942519142,6.582798177,,,
,,,,,,,,,,,,,,,,,,,,,,,3.13402848,1.078665158,3.158536982,,,
,,,,,,,,,,,,,,,,,,,,,,,1.867076212,3.601048669,5.779505172,,,
,,,,,,,,,,,,,,,,,,,,,,,2.465774974,3.271622866,4.765661869,,,
,,,,,,,,,,,,,,,,,,,,,,,0.599764695,2.983284624,5.332563559,,,
,,,,,,,,,,,,,,,,,,,,,,,1.006204234,2.656906766,2.713366611,,,
,,,,,,,,,,,,,,,,,,,,,,,2.984687176,2.471549472,4.100562036,,,
,,,,,,,,,,,,,,,,,,,,,,,1.346704271,4.389307727,5.934023774,,,
,,,,,,,,,,,,,,,,,,,,,,,2.122281563,1.743148808,5.259497028,,,
,,,,,,,,,,,,,,,,,,,,,,,2.89007699,1.00871592,3.892633357,,,
,,,,,,,,,,,,,,,,,,,,,,,2.622169409,2.991470077,5.148221488,,,
,,,,,,,,,,,,,,,,,,,,,,,3.475718818,4.19756578,6.206387878,,,
,,,,,,,,,,,,,,,,,,,,,,,2.464835921,2.488014737,5.290323214,,,
,,,,,,,,,,,,,,,,,,,,,,,1.438803115,3.746952082,4.34224661,,,
,,,,,,,,,,,,,,,,,,,,,,,2.747054401,2.328028935,4.980148004,,,
,,,,,,,,,,,,,,,,,,,,,,,1.347555786,2.924846179,6.24182634,,,
,,,,,,,,,,,,,,,,,,,,,,,3.13402848,2.855258466,3.620264705,,,
,,,,,,,,,,,,,,,,,,,,,,,2.408367669,2.628120122,5.39253564,,,
,,,,,,,,,,,,,,,,,,,,,,,1.746194135,2.91870709,3.405583028,,,
,,,,,,,,,,,,,,,,,,,,,,,1.717965693,1.454127308,4.786057288,,,
,,,,,,,,,,,,,,,,,,,,,,,2.598211045,3.10272629,4.857423063,,,
,,,,,,,,,,,,,,,,,,,,,,,1.942633622,3.406787422,3.721277734,,,
,,,,,,,,,,,,,,,,,,,,,,,1.811661837,1.84981662,4.204326286,,,
,,,,,,,,,,,,,,,,,,,,,,,-0.300421329,2.492196139,4.152544206,,,
,,,,,,,,,,,,,,,,,,,,,,,1.580047643,2.7654254,3.316866368,,,
,,,,,,,,,,,,,,,,,,,,,,,1.979229415,3.003481091,4.396750354,,,
,,,,,,,,,,,,,,,,,,,,,,,4.037231752,3.087203489,4.286110324,,,
,,,,,,,,,,,,,,,,,,,,,,,0.748189682,2.883727924,3.229613993,,,
,,,,,,,,,,,,,,,,,,,,,,,0.912333012,2.296435362,4.016306447,,,
,,,,,,,,,,,,,,,,,,,,,,,2.748166258,4.588982741,6.195219284,,,
,,,,,,,,,,,,,,,,,,,,,,,1.369078978,1.362395672,6.386301847,,,
,,,,,,,,,,,,,,,,,,,,,,,1.535333473,2.622950781,4.435128757,,,
,,,,,,,,,,,,,,,,,,,,,,,3.370283371,2.371877948,3.682915248,,,
,,,,,,,,,,,,,,,,,,,,,,,1.384315288,3.029341436,4.917939704,,,
,,,,,,,,,,,,,,,,,,,,,,,-0.231681719,0.563536454,5.973445822,,,
,,,,,,,,,,,,,,,,,,,,,,,1.239735189,3.716458999,3.892210442,,,
,,,,,,,,,,,,,,,,,,,,,,,1.072699666,2.785978844,6.530393092,,,
,,,,,,,,,,,,,,,,,,,,,,,1.548078904,2.348691517,4.189965365,,,
,,,,,,,,,,,,,,,,,,,,,,,0.423859324,2.032679625,5.004322374,,,
,,,,,,,,,,,,,,,,,,,,,,,1.206424945,1.90553454,4.593544544,,,
,,,,,,,,,,,,,,,,,,,,,,,5.600331701,6.162060746,10.13477567,,,
,,,,,,,,,,,,,,,,,,,,,,,6.856791811,5.832862317,11.28157914,,,
,,,,,,,,,,,,,,,,,,,,,,,5.49216777,6.284444627,8.564654709,,,
,,,,,,,,,,,,,,,,,,,,,,,4.902719706,5.691504103,10.27426146,,,
,,,,,,,,,,,,,,,,,,,,,,,4.443169087,6.694747245,10.62160203,,,
,,,,,,,,,,,,,,,,,,,,,,,4.795833615,6.092159257,9.994120037,,,
,,,,,,,,,,,,,,,,,,,,,,,4.863368144,5.649690084,11.64562258,,,
,,,,,,,,,,,,,,,,,,,,,,,7.088349162,5.10376589,8.900865342,,,
,,,,,,,,,,,,,,,,,,,,,,,5.643980626,6.111293888,10.2291437,,,
,,,,,,,,,,,,,,,,,,,,,,,3.789364041,6.468715074,9.784125669,,,
,,,,,,,,,,,,,,,,,,,,,,,3.637660325,4.964315341,11.4815179,,,
,,,,,,,,,,,,,,,,,,,,,,,4.547484718,7.977812348,10.12888214,,,
,,,,,,,,,,,,,,,,,,,,,,,4.351005441,6.597040229,10.94100975,,,
,,,,,,,,,,,,,,,,,,,,,,,3.074230631,6.230503633,8.431504685,,,
,,,,,,,,,,,,,,,,,,,,,,,3.640652562,5.653403096,10.01333425,,,
,,,,,,,,,,,,,,,,,,,,,,,4.662856395,5.976592039,10.71208311,,,
,,,,,,,,,,,,,,,,,,,,,,,4.172363629,5.110088015,11.26982164,,,
,,,,,,,,,,,,,,,,,,,,,,,4.353171175,5.20352609,10.40135197,,,
,,,,,,,,,,,,,,,,,,,,,,,4.615193188,6.679779236,9.573395746,,,
,,,,,,,,,,,,,,,,,,,,,,,4.324573251,5.674249852,10.56142986,,,
,,,,,,,,,,,,,,,,,,,,,,,3.871505055,7.275718818,9.90683242,,,
,,,,,,,,,,,,,,,,,,,,,,,4.647060746,5.540264229,10.38139766,,,
,,,,,,,,,,,,,,,,,,,,,,,1.754562913,5.707420261,8.638892214,,,
,,,,,,,,,,,,,,,,,,,,,,,2.796002559,6.60314976,9.358093339,,,
,,,,,,,,,,,,,,,,,,,,,,,3.802594915,7.56892172,10.95305601,,,
,,,,,,,,,,,,,,,,,,,,,,,5.49605586,5.382969394,9.955567694,,,
,,,,,,,,,,,,,,,,,,,,,,,4.470888211,8.108042895,9.965840437,,,
,,,,,,,,,,,,,,,,,,,,,,,4.909447694,6.636225809,9.044524577,,,
,,,,,,,,,,,,,,,,,,,,,,,6.953161869,5.166557404,12.17721314,,,
,,,,,,,,,,,,,,,,,,,,,,,4.214540309,4.789392225,12.14583557,,,
,,,,,,,,,,,,,,,,,,,,,,,5.063975391,5.057488525,8.565400495,,,
,,,,,,,,,,,,,,,,,,,,,,,4.761001105,5.592939889,9.572428271,,,
,,,,,,,,,,,,,,,,,,,,,,,4.857244971,4.734861196,10.03473921,,,
,,,,,,,,,,,,,,,,,,,,,,,7.31870598,4.088108145,10.86384367,,,
,,,,,,,,,,,,,,,,,,,,,,,3.903618176,6.476291165,9.935981725,,,
,,,,,,,,,,,,,,,,,,,,,,,4.804476089,8.879185262,8.79788553,,,
,,,,,,,,,,,,,,,,,,,,,,,5.544986675,6.929963039,10.61976258,,,
,,,,,,,,,,,,,,,,,,,,,,,4.413256943,6.401689862,9.142283889,,,
,,,,,,,,,,,,,,,,,,,,,,,5.66664296,5.221797838,9.625596195,,,
,,,,,,,,,,,,,,,,,,,,,,,5.434260243,4.74572511,10.14909339,,,
,,,,,,,,,,,,,,,,,,,,,,,3.189986569,6.554455414,10.05596113,,,
,,,,,,,,,,,,,,,,,,,,,,,4.394120037,5.237101224,11.15414074,,,
,,,,,,,,,,,,,,,,,,,,,,,5.492042715,6.89446546,10.24984607,,,
,,,,,,,,,,,,,,,,,,,,,,,5.40127287,5.474139417,10.56364448,,,
,,,,,,,,,,,,,,,,,,,,,,,4.320298626,7.100154508,8.139420461,,,
,,,,,,,,,,,,,,,,,,,,,,,5.140659437,5.32139774,9.048521807,,,
,,,,,,,,,,,,,,,,,,,,,,,4.585360625,3.673346729,12.31007213,,,
,,,,,,,,,,,,,,,,,,,,,,,6.281872925,6.404443358,9.552096517,,,
,,,,,,,,,,,,,,,,,,,,,,,5.213001782,6.531170076,8.715894583,,,
,,,,,,,,,,,,,,,,,,,,,,,2.662693373,6.656364295,10.19319479,,,
,,,,,,,,,,,,,,,,,,,,,,,6.021570994,6.328802957,9.686472086,,,
,,,,,,,,,,,,,,,,,,,,,,,4.265897201,4.144896994,12.70391971,,,
,,,,,,,,,,,,,,,,,,,,,,,6.379006959,4.984217359,10.53983846,,,
,,,,,,,,,,,,,,,,,,,,,,,3.976204948,6.241946213,10.7006826,,,
,,,,,,,,,,,,,,,,,,,,,,,5.841700226,5.396782345,10.95052761,,,
,,,,,,,,,,,,,,,,,,,,,,,5.400583927,2.849599187,11.31482572,,,
,,,,,,,,,,,,,,,,,,,,,,,5.257204361,7.106411832,8.375388862,,,
,,,,,,,,,,,,,,,,,,,,,,,5.061017259,5.406720849,10.88023049,,,
,,,,,,,,,,,,,,,,,,,,,,,4.281828137,6.377208539,9.046657342,,,
,,,,,,,,,,,,,,,,,,,,,,,4.241767169,5.928911779,9.323912255,,,
,,,,,,,,,,,,,,,,,,,,,,,5.372144028,6.000811883,9.462905783,,,
,,,,,,,,,,,,,,,,,,,,,,,3.257512003,5.306590029,10.32193262,,,
,,,,,,,,,,,,,,,,,,,,,,,3.858683453,7.664891601,8.144622771,,,
,,,,,,,,,,,,,,,,,,,,,,,3.783145371,4.027776814,10.42207254,,,
,,,,,,,,,,,,,,,,,,,,,,,5.147530669,5.553771363,8.872923391,,,
,,,,,,,,,,,,,,,,,,,,,,,3.651775683,7.939313438,9.322670795,,,
,,,,,,,,,,,,,,,,,,,,,,,4.775831553,5.901342721,9.989887476,,,
,,,,,,,,,,,,,,,,,,,,,,,4.389117817,5.800726459,11.04532425,,,
,,,,,,,,,,,,,,,,,,,,,,,5.866383913,6.172290287,10.44406639,,,
,,,,,,,,,,,,,,,,,,,,,,,4.066557563,7.059213604,9.906676669,,,
,,,,,,,,,,,,,,,,,,,,,,,5.419683316,5.302092578,7.632650013,,,
,,,,,,,,,,,,,,,,,,,,,,,3.845093329,5.560625542,9.162183633,,,
,,,,,,,,,,,,,,,,,,,,,,,4.113571617,4.56705715,8.913177626,,,
,,,,,,,,,,,,,,,,,,,,,,,2.979643182,5.862041181,11.15494109,,,
,,,,,,,,,,,,,,,,,,,,,,,5.598092071,6.307543518,10.71864625,,,
,,,,,,,,,,,,,,,,,,,,,,,4.121225015,5.66869625,11.99304956,,,
,,,,,,,,,,,,,,,,,,,,,,,4.674339903,5.446665856,10.73054813,,,
,,,,,,,,,,,,,,,,,,,,,,,4.076954224,6.361465185,9.273501237,,,
,,,,,,,,,,,,,,,,,,,,,,,5.729841473,3.828324626,9.802008608,,,
,,,,,,,,,,,,,,,,,,,,,,,5.497060852,5.964174025,12.00794708,,,
,,,,,,,,,,,,,,,,,,,,,,,3.287411641,5.310301905,10.62915539,,,
,,,,,,,,,,,,,,,,,,,,,,,4.608188942,4.34905127,11.44339643,,,
,,,,,,,,,,,,,,,,,,,,,,,3.561233211,7.45180154,11.53556008,,,
,,,,,,,,,,,,,,,,,,,,,,,2.621438693,6.767440883,11.79653049,,,
,,,,,,,,,,,,,,,,,,,,,,,3.544218839,4.76041345,9.121999884,,,
,,,,,,,,,,,,,,,,,,,,,,,3.865995791,5.240772172,10.29457048,,,
,,,,,,,,,,,,,,,,,,,,,,,2.7358122,4.87610345,11.32351139,,,
,,,,,,,,,,,,,,,,,,,,,,,3.883575187,5.528061084,10.88480298,,,
,,,,,,,,,,,,,,,,,,,,,,,3.756581305,4.914347702,10.48494591,,,
,,,,,,,,,,,,,,,,,,,,,,,6.014549695,6.33082772,10.86128572,,,
,,,,,,,,,,,,,,,,,,,,,,,6.187567419,5.275591039,10.35973577,,,
,,,,,,,,,,,,,,,,,,,,,,,3.956269961,4.297150955,11.17736014,,,
,,,,,,,,,,,,,,,,,,,,,,,3.464344741,6.164184416,9.653663201,,,
,,,,,,,,,,,,,,,,,,,,,,,3.872901129,4.661155746,9.802407649,,,
,,,,,,,,,,,,,,,,,,,,,,,4.344814056,3.794054866,10.9563643,,,
,,,,,,,,,,,,,,,,,,,,,,,3.40553454,6.720383627,9.780908331,,,
,,,,,,,,,,,,,,,,,,,,,,,4.675116384,6.893490027,11.25047897,,,
,,,,,,,,,,,,,,,,,,,,,,,4.868029305,5.135775556,8.784554612,,,
,,,,,,,,,,,,,,,,,,,,,,,6.021084414,5.920123786,10.64346401,,,
,,,,,,,,,,,,,,,,,,,,,,,3.346699327,6.423469987,9.493443204,,,
,,,,,,,,,,,,,,,,,,,,,,,2.699486981,4.321316229,9.362820438,,,
,,,,,,,,,,,,,,,,,,,,,,,4.115054094,5.997690042,9.581112809,,,
,,,,,,,,,,,,,,,,,,,,,,,4.035418738,5.573438049,7.859932739,,,
,,,,,,,,,,,,,,,,,,,,,,,6.719840098,6.081397661,9.606330823,,,
,,,,,,,,,,,,,,,,,,,,,,,5.322415132,4.55817366,7.843652784,,,
,,,,,,,,,,,,,,,,,,,,,,,5.475780949,5.168985755,11.87222319,,,
,,,,,,,,,,,,,,,,,,,,,,,3.603538357,5.897190878,11.56043931,,,
,,,,,,,,,,,,,,,,,,,,,,,4.820702611,7.273904376,9.085176717,,,
,,,,,,,,,,,,,,,,,,,,,,,4.798712166,5.154544116,11.28450544,,,
,,,,,,,,,,,,,,,,,,,,,,,5.547762908,6.710149538,10.41193622,,,
,,,,,,,,,,,,,,,,,,,,,,,4.653637529,6.746401997,10.62414634,,,
,,,,,,,,,,,,,,,,,,,,,,,4.651779886,5.104643552,11.2950624,,,
,,,,,,,,,,,,,,,,,,,,,,,4.723972165,6.186428383,10.46067149,,,
,,,,,,,,,,,,,,,,,,,,,,,5.099950454,3.70664333,9.483575187,,,
,,,,,,,,,,,,,,,,,,,,,,,3.817349193,3.109787432,10.65949613,,,
,,,,,,,,,,,,,,,,,,,,,,,4.717074785,6.372065346,11.06050371,,,
,,,,,,,,,,,,,,,,,,,,,,,3.831475919,5.174576873,9.664623749,,,
,,,,,,,,,,,,,,,,,,,,,,,4.583134637,7.671458153,9.002467269,,,
,,,,,,,,,,,,,,,,,,,,,,,4.196325403,4.213982212,10.53176215,,,
,,,,,,,,,,,,,,,,,,,,,,,4.962196112,7.376140676,9.122616066,,,
,,,,,,,,,,,,,,,,,,,,,,,2.543067535,4.641026354,8.991644282,,,
,,,,,,,,,,,,,,,,,,,,,,,4.470964382,6.387176601,9.070213255,,,
,,,,,,,,,,,,,,,,,,,,,,,4.292939889,3.952252374,11.31722678,,,
,,,,,,,,,,,,,,,,,,,,,,,4.942366854,6.331797468,8.815363745,,,
,,,,,,,,,,,,,,,,,,,,,,,3.943454044,6.118528919,9.661678123,,,
,,,,,,,,,,,,,,,,,,,,,,,3.976204948,5.369580496,9.094858288,,,
,,,,,,,,,,,,,,,,,,,,,,,3.59757662,5.689964784,9.493810413,,,
,,,,,,,,,,,,,,,,,,,,,,,5.152821655,6.705183697,9.163843461,,,
,,,,,,,,,,,,,,,,,,,,,,,2.900930963,6.115311581,8.968586317,,,
,,,,,,,,,,,,,,,,,,,,,,,5.310246092,6.650088782,10.29098593,,,
,,,,,,,,,,,,,,,,,,,,,,,3.398406375,4.851919986,11.52344561,,,
,,,,,,,,,,,,,,,,,,,,,,,3.795946509,6.482457539,10.02400262,,,
,,,,,,,,,,,,,,,,,,,,,,,4.80816409,5.068829924,10.39335752,,,
,,,,,,,,,,,,,,,,,,,,,,,4.646133061,6.50297574,10.53260343,,,
,,,,,,,,,,,,,,,,,,,,,,,4.526127509,6.965285539,12.87301297,,,
,,,,,,,,,,,,,,,,,,,,,,,5.627214091,4.685116383,9.230536708,,,
,,,,,,,,,,,,,,,,,,,,,,,3.318882432,7.133096407,10.42320031,,,
,,,,,,,,,,,,,,,,,,,,,,,6.197821972,5.381717702,8.385120455,,,
,,,,,,,,,,,,,,,,,,,,,,,4.503021796,4.751177531,10.93503437,,,
,,,,,,,,,,,,,,,,,,,,,,,5.309184257,6.705761226,10.17408062,,,
,,,,,,,,,,,,,,,,,,,,,,,4.140715487,6.826412519,11.01096126,,,
,,,,,,,,,,,,,,,,,,,,,,,3.582415343,4.659984771,10.31206461,,,
,,,,,,,,,,,,,,,,,,,,,,,3.338477495,4.949581527,10.45569656,,,
,,,,,,,,,,,,,,,,,,,,,,,4.857082399,6.331708793,9.162183633,,,
,,,,,,,,,,,,,,,,,,,,,,,5.708131835,4.994735665,10.66352633,,,
,,,,,,,,,,,,,,,,,,,,,,,5.147908109,6.064960818,9.908546818,,,
,,,,,,,,,,,,,,,,,,,,,,,5.940939741,5.000224465,10.14350341,,,
,,,,,,,,,,,,,,,,,,,,,,,2.408689693,7.040998699,9.925504347,,,
,,,,,,,,,,,,,,,,,,,,,,,4.847965852,5.038816599,7.526639311,,,
,,,,,,,,,,,,,,,,,,,,,,,3.234338078,7.624228093,9.090665517,,,
,,,,,,,,,,,,,,,,,,,,,,,3.687627964,5.738571591,8.953809302,,,
,,,,,,,,,,,,,,,,,,,,,,,4.438801238,5.576420054,9.597845238,,,
,,,,,,,,,,,,,,,,,,,,,,,3.322715952,6.260239562,11.43235062,,,
,,,,,,,,,,,,,,,,,,,,,,,5.205426828,6.48584086,11.46541075,,,
,,,,,,,,,,,,,,,,,,,,,,,5.748467925,4.617343112,9.368129613,,,
,,,,,,,,,,,,,,,,,,,,,,,4.533933247,4.515888978,10.10761133,,,
,,,,,,,,,,,,,,,,,,,,,,,4.566870598,6.873133262,11.05252517,,,
,,,,,,,,,,,,,,,,,,,,,,,4.640105385,4.915027549,10.06124416,,,
,,,,,,,,,,,,,,,,,,,,,,,5.064782567,6.452821655,11.84109118,,,
,,,,,,,,,,,,,,,,,,,,,,,4.888738499,6.869329301,10.58745733,,,
,,,,,,,,,,,,,,,,,,,,,,,4.911695282,5.652398105,9.008454018,,,
,,,,,,,,,,,,,,,,,,,,,,,4.510595613,6.086336217,8.902120444,,,
,,,,,,,,,,,,,,,,,,,,,,,5.609629011,6.372605359,12.88385414,,,
,,,,,,,,,,,,,,,,,,,,,,,3.071265678,7.040505298,12.51896487,,,
,,,,,,,,,,,,,,,,,,,,,,,3.242305252,5.488304797,9.644772891,,,
,,,,,,,,,,,,,,,,,,,,,,,5.791650733,7.492033038,9.11940555,,,
,,,,,,,,,,,,,,,,,,,,,,,5.349979642,5.577047606,9.515275624,,,
,,,,,,,,,,,,,,,,,,,,,,,5.881717993,4.634866801,8.888848643,,,
,,,,,,,,,,,,,,,,,,,,,,,4.60603344,5.300273589,9.657717274,,,
,,,,,,,,,,,,,,,,,,,,,,,2.296048774,6.081477242,9.413092758,,,
,,,,,,,,,,,,,,,,,,,,,,,3.953073087,4.868811576,9.061332039,,,
,,,,,,,,,,,,,,,,,,,,,,,4.907785592,5.524566351,11.52873432,,,
,,,,,,,,,,,,,,,,,,,,,,,4.78896693,5.888739398,9.600273589,,,
,,,,,,,,,,,,,,,,,,,,,,,3.292818587,6.220620836,8.482249942,,,
,,,,,,,,,,,,,,,,,,,,,,,4.334585651,5.301312686,10.24520538,,,
,,,,,,,,,,,,,,,,,,,,,,,5.181588972,6.224803375,8.034555722,,,
,,,,,,,,,,,,,,,,,,,,,,,3.774514266,4.368928277,10.45455514,,,
,,,,,,,,,,,,,,,,,,,,,,,3.492827841,6.752645678,10.02285211,,,
,,,,,,,,,,,,,,,,,,,,,,,5.197600626,6.769521352,9.607281245,,,
,,,,,,,,,,,,,,,,,,,,,,,5.954463927,6.786801751,8.757544893,,,
,,,,,,,,,,,,,,,,,,,,,,,5.246852038,6.811628683,9.905272637,,,
,,,,,,,,,,,,,,,,,,,,,,,5.630688361,4.24726517,9.154077762,,,
,,,,,,,,,,,,,,,,,,,,,,,3.064653652,5.381383463,11.45691153,,,
,,,,,,,,,,,,,,,,,,,,,,,3.824381861,5.393710527,10.16096798,,,
,,,,,,,,,,,,,,,,,,,,,,,7.287564881,5.733281742,9.560167146,,,
,,,,,,,,,,,,,,,,,,,,,,,4.605803792,4.879966528,9.720321205,,,
,,,,,,,,,,,,,,,,,,,,,,,3.834152108,6.234536105,8.030008249,,,
,,,,,,,,,,,,,,,,,,,,,,,4.399887371,4.879032023,9.125694706,,,
,,,,,,,,,,,,,,,,,,,,,,,3.646173195,6.750240064,10.90558152,,,
,,,,,,,,,,,,,,,,,,,,,,,3.923334884,5.753893166,10.68019168,,,
,,,,,,,,,,,,,,,,,,,,,,,4.572775492,6.51319846,8.462104634,,,
,,,,,,,,,,,,,,,,,,,,,,,4.788807769,5.937092684,10.36559519,,,
,,,,,,,,,,,,,,,,,,,,,,,4.187501031,6.407108177,8.645536073,,,
,,,,,,,,,,,,,,,,,,,,,,,2.881117621,6.316525915,9.967152383,,,
,,,,,,,,,,,,,,,,,,,,,,,4.675971309,5.530996478,12.1439802,,,
,,,,,,,,,,,,,,,,,,,,,,,4.650619144,6.539389634,11.67455361,,,
,,,,,,,,,,,,,,,,,,,,,,,6.161760507,7.117630449,9.574273409,,,
,,,,,,,,,,,,,,,,,,,,,,,3.770826265,5.00579512,9.311340764,,,
,,,,,,,,,,,,,,,,,,,,,,,5.733925104,4.611163096,11.06964186,,,
,,,,,,,,,,,,,,,,,,,,,,,3.952096517,5.830718184,9.841688725,,,
